;nombre_peli_r;Tomatometter;Id
0;Las Travesuras de Super Chido;Desconocido;tt0320656
1;Velai Kidaichiruchu;Desconocido;tt0318803
2;Sor Batalla;Desconocido;tt0320503
3;Azaad Desh Ke Gulam;Desconocido;tt0330019
4;Suo ming fei dao;Desconocido;tt0348147
5;Contreras Gang;88%;tt0349237
6;Pitong Gamol;Desconocido;tt0349971
7;Jiang hu ba mian feng;Desconocido;tt0351141
8;Sarphira;Desconocido;tt0344301
9;Alyas Lakay;100%;tt0344816
10;Santo: la leyenda del enmascarado de plata;50%;tt0330855
11;La sangre de un valiente;Desconocido;tt0334294
12;Young-guwa gongryong Zzu-Zzu;Desconocido;tt0334765
13;Que me entierren con la banda;Desconocido;tt0285962
14;Elaan;Desconocido;tt0290183
15;Hum Hain Bemisaal;Desconocido;tt0290213
16;Cesta peklem;Desconocido;tt0277621
17;Maanthrikam;Desconocido;tt0280889
18;End of the Line;49%;tt0285543
19;Lone Tiger;Desconocido;tt0285680
20;Diljale;Desconocido;tt0286593
21;Kôshoku kunoichi ninpô-chô: Vâjin sunaipâ - bishôjo yôma-den;Desconocido;tt0288305
22;Terrain;Desconocido;tt0288841
23;Daava;Desconocido;tt0289685
24;Varnapakittu;Desconocido;tt0290098
25;Kudrat;Desconocido;tt0286772
26;Achanak;Desconocido;tt0286421
27;Salaakhen;Desconocido;tt0286936
28;Angaaray;Desconocido;tt0288427
29;A Waiter Tomorrow;Desconocido;tt0289611
30;Ispanska muha;Desconocido;tt0290674
31;NASCAR Racers: The Movie;Desconocido;tt0278580
32;Ostatnia misja;17%;tt0281019
33;Anakiseuteu Anarchists;Desconocido;tt0280427
34;High Adventure;Desconocido;tt0295989
35;Death, Deceit & Destiny Aboard the Orient Express;Desconocido;tt0295925
36;Kyo Kii... Main Jhuth Nahin Bolta;43%;tt0297241
37;Virtualna stvarnost;Desconocido;tt0296919
38;Ravanaprabhu;Desconocido;tt0298514
39;ReBoot: My Two Bobs;Desconocido;tt0298515
40;Waah! Tera Kya Kehna;Desconocido;tt0339878
41;Wolves of Wall Street;Desconocido;tt0339918
42;Masuuruhiito;Desconocido;tt0340227
43;Khadgam;Desconocido;tt0339252
44;Epoch: Evolution;33%;tt0374286
45;De zaak Alzheimer;84%;tt0374345
46;Batman: Dead End;Desconocido;tt0374526
47;Den sorte celle;50%;tt0374228
48;Dai zek lo;96%;tt0374184
49;Tere Naam;80%;tt0374271
50;Shikaar;Desconocido;tt0420175
51;World's Finest;100%;tt0420324
52;Camp X-Ray: Ghosts of Guantánamo Bay;74%;tt0418587
53;Chot [Aaj Isko, Kal Tereko];Desconocido;tt0418598
54;Even If It's Wrong;Desconocido;tt0419736
55;Tiempo de valientes;87%;tt0462570
56;Seung ji san tau;Desconocido;tt0934949
57;The Cutting Edge 3: Chasing the Dream;64%;tt1110626
58;Heroes;Desconocido;tt1114725
59;Phoo Action;50%;tt1116185
60;Bonnie & Clyde vs. Dracula;18%;tt1117379
61;La hora cero;88%;tt1322302
62;Ascension 2;98%;tt12731590
63;Revirements Fatals (V.F. de Deadly Twists);Desconocido;tt12737858
64;USS Seaviper;10%;tt1274596
65;The Life Kung-Fu;Desconocido;tt12747740
66;Looper;Desconocido;tt1276104
67;Supernatural Swamp Slaughter;Desconocido;tt1277403
68;Los 3 gallos Michoacanos;Desconocido;tt11294796
69;Fuck Duissan;100%;tt11372090
70;Wrony;Desconocido;tt11423922
71;Under the cage;87%;tt11428282
72;Ode to the Warriors;Desconocido;tt11447774
73;Boonie Bears, to the Rescue!;Desconocido;tt3564806
74;The Floor Whisper;Desconocido;tt10307720
75;Metal Gear Solid: A New Divide;Desconocido;tt10305124
76;Deprivation;Desconocido;tt10080934
77;Small Gains;Desconocido;tt10955374
78;Liam: The New Manager;Desconocido;tt10968850
79;Taanashah;Desconocido;tt10968008
80;Dagaalty;Desconocido;tt10966832
81;Tiger Man;Desconocido;tt10972026
82;Brew;Desconocido;tt10978650
83;An Awkward Encounter;22%;tt11914358
84;Push Comes to Shovel, TX;Desconocido;tt11921924
85;Ladki: Enter the Girl Dragon;86%;tt11924110
86;Rewind;Desconocido;tt11924002
87;Tokyo Revengers;Desconocido;tt11923304
88;Mashin Sentai Kirameijâ Za Mûbî: Bî-Bappu Dorîmu;Desconocido;tt11928952
89;The Lost and the Brave;79%;tt14134448
90;Gaspard et Robinson;Desconocido;tt0099635
91;Night of the Cyclone;Desconocido;tt0100256
92;Pokhorony Stalina;Desconocido;tt0100383
93;Street Hunter;22%;tt0100706
94;Goodfellas;Desconocido;tt0099685
95;Murder in Black and White;Desconocido;tt0100207
96;Le party;82%;tt0100334
97;18 anni tra una settimana;Desconocido;tt0101250
98;Aftermath: A Test of Love;83%;tt0101277
99;Christmas on Division Street;71%;tt0101580
100;Dead Again;81%;tt0101669
101;Eyes of a Witness;Desconocido;tt0101843
102;Gigolo;37%;tt0101952
103;Krhotine;Desconocido;tt0102236
104;Lightning Field;Desconocido;tt0102309
105;Cerro Torre: Schrei aus Stein;Desconocido;tt0102855
106;Modern Crimes;Desconocido;tt0104900
107;Final Shot: The Hank Gathers Story;99%;tt0104270
108;Hamburger Gift;87%;tt0104386
109;Hoffa;52%;tt0104427
110;Miss America: Behind the Crown;Desconocido;tt0104883
111;Modelo antiguo;Desconocido;tt0104899
112;No Dia dos Meus Anos;Desconocido;tt0105008
113;Bob Roberts;Desconocido;tt0103850
114;Il giardino dei ciliegi;Desconocido;tt0104337
115;La vida conyugal;Desconocido;tt0108487
116;Fatalna nezhnost;Desconocido;tt0106875
117;Glädjekällan;Desconocido;tt0107019
118;The Hour of the Pig;80%;tt0107146
119;Extreme Justice;31%;tt0106850
120;Killing Car;11%;tt0106894
121;Duo ming jie chu;Desconocido;tt0109690
122;L'enfer;70%;tt0109731
123;English, August;Desconocido;tt0109732
124;The Fence;93%;tt0109795
125;Le fils préféré;Desconocido;tt0109800
126;Le fusil de bois;Desconocido;tt0109859
127;Foreign Student;48%;tt0109828
128;Frihetsligan;Desconocido;tt0109848
129;Greyhounds;77%;tt0109941
130;The Glass Shield;68%;tt0109906
131;Liu mang yi sheng;54%;tt0113672
132;Kong zhong xiao jie;Desconocido;tt0113569
133;Lao ni mei;Desconocido;tt0113600
134;Let It Be Me;Desconocido;tt0113638
135;The Babysitter;Desconocido;tt0112438
136;Habit;6%;tt0113241
137;First Knight;43%;tt0113071
138;Kingfish: A Story of Huey P. Long;40%;tt0113550
139;Intimate Relations;14%;tt0116643
140;El domini del sentits;Desconocido;tt0116124
141;Eskiya;Desconocido;tt0116231
142;The Funeral;80%;tt0116378
143;Captive Heart: The James Mink Story;Desconocido;tt0115826
144;Como Nascem os Anjos;90%;tt0115929
145;The Assassination File;Desconocido;tt0115578
146;Bolse vita;95%;tt0115726
147;In the Company of Men;89%;tt0119361
148;Moment of Truth: Into the Arms of Danger;Desconocido;tt0119379
149;The Life of Stuff;Desconocido;tt0119536
150;Loved;Desconocido;tt0119581
151;Le mani forti;Desconocido;tt0119610
152;Nettoyage à sec;Desconocido;tt0119773
153;Paradise Road;43%;tt0119859
154;The Man with Rain in His Shoes;29%;tt0138590
155;Johnny B Good;0%;tt0138535
156;Never Tell Me Never;Desconocido;tt0138652
157;Pi;88%;tt0138704
158;Fica Comigo;26%;tt0137520
159;Dante's View;Desconocido;tt0138389
160;Free Fall;77%;tt0172469
161;Introducing Dorothy Dandridge;83%;tt0172348
162;Invisible Child;29%;tt0172606
163;Superlove;100%;tt0173275
164;Lal Baadshah;20%;tt0172704
165;Südsee, eigene Insel;Desconocido;tt0173298
166;Ungfrúin góða og húsið;Desconocido;tt0173387
167;Mohabbatein;80%;tt0213890
168;Jadviga párnája;Desconocido;tt0213733
169;Her i nærheden;Desconocido;tt0212215
170;Madame Bovary;43%;tt0212318
171;Hidden Blessings;Desconocido;tt0212218
172;The Luzhin Defence;57%;tt0211492
173;Il ritorno del piccolo Lord;Desconocido;tt0211598
174;Beat;89%;tt0211941
175;The Clean and Narrow;Desconocido;tt0212059
176;Last Orders;79%;tt0253200
177;Gli amici di Gesù - Giuda;Desconocido;tt0253101
178;The Life and Adventures of Nicholas Nickleby;59%;tt0253312
179;Nynke;Desconocido;tt0254610
180;Le stade de Wimbledon;Desconocido;tt0254791
181;Un homme à défendre;Desconocido;tt0253862
182;The Last Brickmaker in America;68%;tt0255313
183;The Fourth Angel;28%;tt0254334
184;The Point Men;Desconocido;tt0254703
185;No Good Deed;12%;tt0292610
186;Lola vende cá;Desconocido;tt0290729
187;L'idole;19%;tt0291259
188;Fixing Frank;56%;tt0292513
189;On Common Ground;75%;tt0293888
190;El sueño de Ibiza;Desconocido;tt0292259
191;Novo;50%;tt0291392
192;Local Boys;82%;tt0293357
193;Figure in the Forest;Desconocido;tt0293154
194;Tre punto sei;Desconocido;tt0331360
195;Mister V.;Desconocido;tt0329525
196;Devil's Pond;40%;tt0329162
197;Les sentiments;Desconocido;tt0329584
198;Any Way the Wind Blows;82%;tt0331175
199;Tauerngold;Desconocido;tt0330970
200;Firefight;59%;tt0328868
201;Devot;75%;tt0331231
202;An Unexpected Love;89%;tt0329679
203;American Short;Desconocido;tt0370365
204;Mysterious Skin;87%;tt0370986
205;Promised Land;53%;tt0371101
206;Secuestro express;52%;tt0371939
207;Company K;Desconocido;tt0372828
208;Die andere Frau;Desconocido;tt0372167
209;Forkerte navne;Desconocido;tt0371677
210;Kono yo no sotoe - Club Shinchugun;Desconocido;tt0371050
211;Eating Out;19%;tt0372884
212;Shabd;47%;tt0409527
213;La noche del hermano;Desconocido;tt0410381
214;Marilyn Hotchkiss' Ballroom Dancing & Charm School;Desconocido;tt0409034
215;Resurrection: The J.R. Richard Story;Desconocido;tt0410516
216;Lying in Bed;Desconocido;tt0410275
217;Kein Himmel über Afrika;Desconocido;tt0410156
218;La petite Chartreuse;Desconocido;tt0410445
219;On a Clear Day;69%;tt0410400
220;Oublier Cheyenne;55%;tt0410410
221;Un mundo maravilloso;74%;tt0456467
222;Aryan: Unbreakable;30%;tt0454396
223;Fair Play;86%;tt0454602
224;The Elder Son;35%;tt0455988
225;Jaan-E-Mann: Let's Fall in Love... Again;Desconocido;tt0456481
226;Chingaari;60%;tt0454429
227;Inside Man;67%;tt0454848
228;The Pursuit of Happyness;67%;tt0454921
229;Lost and Found;Desconocido;tt0455149
230;Irina Palm;65%;tt0762110
231;He Was a Quiet Man;80%;tt0760311
232;Relative Obscurity;Desconocido;tt0760182
233;Lovely by Surprise;61%;tt0760173
234;Afghan Knights;13%;tt0760157
235;Der Zauber des Regenbogens;Desconocido;tt0759757
236;El corazón de la tierra;58%;tt0763839
237;X's & O's;38%;tt0763847
238;Meine Mutter, mein Bruder und ich!;Desconocido;tt0935101
239;Older Than America;50%;tt0932669
240;Float;23%;tt0934840
241;No Exit;62%;tt0937233
242;Varg;32%;tt0937378
243;Sappho;33%;tt0937373
244;Death Point;75%;tt10050610
245;Ila Ayithe Ela;Desconocido;tt10017546
246;Gusti;Desconocido;tt10018590
247;Young Grandpa;Desconocido;tt10026668
248;100 Inscritos;Desconocido;tt10022852
249;Eddy;69%;tt10026970
250;Saboa;Desconocido;tt10027174
251;Like Crazy;71%;tt10021724
252;What Momma Wants;Desconocido;tt10021708
253;Coffee with a Madman;Desconocido;tt10021158
254;Resistant;57%;tt10021750
255;Fleeting;92%;tt10203432
256;Chaco;Desconocido;tt10201328
257;Petya na moyata Petya;Desconocido;tt10682414
258;1969;55%;tt10685024
259;Mandela;62%;tt10687070
260;Asbury Park;Desconocido;tt10687016
261;Too Unexpected;Desconocido;tt10686506
262;The Electrical Life of Louis Wain;Desconocido;tt10687506
263;Because We Are;Desconocido;tt10692368
264;Watcher;88%;tt12004038
265;Vikrant Rona;40%;tt12015102
266;Vuelta al perro;77%;tt12015752
267;Men Don't Leave;83%;tt0100134
268;Meng gui ba wang hua;Desconocido;tt0100137
269;Thanksgiving Day;Desconocido;tt0100767
270;Thieves of Fortune;Desconocido;tt0100771
271;A Matter of Degrees;Desconocido;tt0100122
272;Teenage Mutant Ninja Turtles;96%;tt0100758
273;Where the Heart Is;35%;tt0100924
274;Terminal City Ricochet;83%;tt0100763
275;Pure Luck;15%;tt0102729
276;The Wizard of Oz;98%;tt0103276
277;Zhi zai chu wei;Desconocido;tt0103329
278;San taam Ma Yue Lung;Desconocido;tt0102903
279;To hok wai lung;Desconocido;tt0103045
280;Un paradiso senza biliardo;Desconocido;tt0102630
281;Lunatics: A Love Story;62%;tt0102357
282;Qiu yue;91%;tt0105198
283;La reina anónima;Desconocido;tt0105231
284;Riens du tout;56%;tt0105260
285;Shiko funjatta.;80%;tt0105388
286;Sister Act;75%;tt0105417
287;T Bone N Weasel;Desconocido;tt0105512
288;There Goes the Neighborhood;Desconocido;tt0105573
289;Terror in the Hot Tubs;Desconocido;tt0105567
290;Hak pau tin ha;Desconocido;tt0107098
291;The last border - viimeisellä rajalla;12%;tt0107364
292;Pacco, doppio pacco e contropaccotto;Desconocido;tt0107766
293;Mrs. Doubtfire;70%;tt0107614
294;Bank Robber;17%;tt0106353
295;Body Bags;Desconocido;tt0106449
296;Roser og persille;Desconocido;tt0107991
297;Roulez jeunesse!;Desconocido;tt0107994
298;Wan 9 zhao 5;Desconocido;tt0111661
299;Mit moon cham on 2: Che chung;Desconocido;tt0110513
300;Nian nian you jin ri;Desconocido;tt0110660
301;Little Big League;37%;tt0110363
302;Lovers, Lovers;Desconocido;tt0110397
303;Rám csaj még nem volt ilyen hatással;Desconocido;tt0111045
304;Wagons East!;0%;tt0111653
305;Nine Months;27%;tt0113986
306;Oryol i reshka;Desconocido;tt0114054
307;Nic smiesznego;Desconocido;tt0113971
308;Kids of the Round Table;60%;tt0113541
309;Mollo tutto;Desconocido;tt0113841
310;The Perez Family;60%;tt0114113
311;Die Mediocren;45%;tt0113790
312;Mrs. Munck;11%;tt0113865
313;Fu sheng;Desconocido;tt0116325
314;La lengua asesina;40%;tt0116770
315;Faisons un rêve;Desconocido;tt0116268
316;Leneged Einayim Ma'araviyot;Desconocido;tt0116857
317;Magic in the Mirror;41%;tt0116959
318;Bangs;90%;tt0115621
319;Chong qing ai qing gan jue;Desconocido;tt0116290
320;Taafé Fanga;Desconocido;tt0120266
321;That Darn Cat;94%;tt0120317
322;Twin Town;46%;tt0120394
323;Weihnachtsfieber;Desconocido;tt0120489
324;Reine & Mimmi i fjällen!;Desconocido;tt0120002
325;A Smile Like Yours;6%;tt0120151
326;steve.oedekerk.com;Desconocido;tt0120209
327;Tales from the Far Side II;Desconocido;tt0120270
328;Five Wives, Three Secretaries and Me;80%;tt0150574
329;Color-Blinded;Desconocido;tt0150167
330;The Gift;91%;tt0150727
331;Ecco fatto;18%;tt0150434
332;Homo Heights;57%;tt0150941
333;Hinterholz 8;Desconocido;tt0150918
334;El grito en el cielo;50%;tt0150790
335;Erakkorapu;Desconocido;tt0187831
336;Passion Killers;Desconocido;tt0187659
337;La nouvelle Ève;75%;tt0186397
338;Zenon: Girl of the 21st Century;62%;tt0186726
339;Ne günstige Gelegenheit;Desconocido;tt0187867
340;Doug's 1st Movie;28%;tt0187819
341;Otesánek;84%;tt0228687
342;A Little Bit of Lipstick;Desconocido;tt0228525
343;3 Chinesen mit dem Kontrabass;Desconocido;tt0228239
344;Les insaisissables;51%;tt0229475
345;Vive nous!;Desconocido;tt0229022
346;Ping!;57%;tt0228720
347;Bit Players;Desconocido;tt0230041
348;The Bunk Witch Project;86%;tt0230056
349;Zenon: The Zequel;46%;tt0271271
350;Jane;73%;tt0272676
351;Mujhe Meri Biwi Se Bachaao;Desconocido;tt0272735
352;Jump Tomorrow;82%;tt0273300
353;The Jimmy Show;40%;tt0271020
354;Call Me Claus;43%;tt0272018
355;Happy Now;79%;tt0271538
356;Les âmes câlines;Desconocido;tt0272093
357;Dinner with Friends;90%;tt0271461
358;Ein Sack voll Geld;Desconocido;tt0304657
359;The Santa Clause 2;56%;tt0304669
360;Fish + Dog;Desconocido;tt0305578
361;Sex Is Comedy;69%;tt0304678
362;Bobby;47%;tt0303781
363;Film School Confidential;Desconocido;tt0304008
364;Nantucket;Desconocido;tt0304458
365;Si Graham Norton;Desconocido;tt0304707
366;Gate to Heaven;100%;tt0341372
367;Grace;Desconocido;tt0340737
368;Cul de sac;84%;tt0341326
369;Studio City;Desconocido;tt0341598
370;The R.M.;64%;tt0341540
371;Gettin' Square;83%;tt0341376
372;Adam & Eva;70%;tt0341216
373;Mirror Man;Desconocido;tt0342776
374;Ce jour-là;63%;tt0343524
375;Wilby Wonderful;71%;tt0383717
376;Süperseks;Desconocido;tt0384576
377;I Want to Marry Ryan Banks;54%;tt0385013
378;Kad porastem bicu Kengur;Desconocido;tt0383846
379;Dontel papa;49%;tt0385511
380;Bandwagon;95%;tt0385534
381;Saving Face;88%;tt0384504
382;Love on the Side;67%;tt0384037
383;Sans Kapiyi Kirinca;Desconocido;tt0425426
384;Feast;55%;tt0426459
385;Enfants terribles;77%;tt0424999
386;The Essence of Irwin;Desconocido;tt0426452
387;In the Mix;13%;tt0426615
388;Pardon;Desconocido;tt0425333
389;Almost Heaven;60%;tt0425202
390;Irren ist sexy;Desconocido;tt0424187
391;Bernard and Doris;55%;tt0470732
392;Peanuts;87%;tt0472482
393;Eccezzziunale veramente - Capitolo secondo... me;Desconocido;tt0472520
394;Direktøren for det hele;75%;tt0469754
395;Le rose del deserto;55%;tt0470082
396;Raftáci;20%;tt0470079
397;BoyTown;43%;tt0472615
398;Gone to the Dogs;Desconocido;tt0469911
399;The Jimmy Timmy Power Hour 2: When Nerds Collide;Desconocido;tt0473050
400;Park;64%;tt0469519
401;Bakom Snart är det lördag igen;Desconocido;tt0808472
402;Pornorama;Desconocido;tt0808425
403;Vratné lahve;Desconocido;tt0809951
404;One Long Night;35%;tt0808409
405;Malta con Huevo;Desconocido;tt0810082
406;Free Rainer;72%;tt0810868
407;World of Wrestling;Desconocido;tt0810099
408;The Ten;35%;tt0811106
409;Pure Gasoline;100%;tt10070746
410;At Sixes and Sevens;Desconocido;tt10071408
411;About A Short Film;Desconocido;tt10061802
412;Life As We Know It;30%;tt10021716
413;Papers 14: Purge of the Papers;Desconocido;tt10021688
414;The Protector;Desconocido;tt10022384
415;Secret Society of Second-Born Royals;57%;tt10324122
416;Unbreakable Kimmy Schmidt: Kimmy vs the Reverend;94%;tt10324166
417;Café Mirage;76%;tt10326882
418;The Addams Family 2;28%;tt11125620
419;YOUTH TOPIA;Desconocido;tt11132688
420;One Minute Show;Desconocido;tt11135944
421;Ur spår;Desconocido;tt13316790
422;The Lost City;Desconocido;tt13320622
423;Full Throttle Paradise;57%;tt13320706
424;Ça tourne à Saint-Pierre et Miquelon;Desconocido;tt13322796
425;Slumberland - Nel mondo dei sogni;40%;tt13320662
426;Kiljuset!;Desconocido;tt13328854
427;Envol;79%;tt13335652
428;Jak chutnà láska;Desconocido;tt0470382
429;Dream a Little Dream for Me;9%;tt0472074
430;Clown Series 1-10;Desconocido;tt0472618
431;Pigeon;Desconocido;tt0472485
432;Strange Frequency 2;Desconocido;tt0475404
433;Criss Angel Mindfreak;Desconocido;tt0475945
434;Doraemon: Nobita to fushigi kazetsukai;Desconocido;tt0473474
435;Ta-Kien;Desconocido;tt0474949
436;The Grove;Desconocido;tt0475600
437;Criss Angel Supernatural;Desconocido;tt0475946
438;La petite feuille;Desconocido;tt0478821
439;Under a Shipwrecked Moon;Desconocido;tt0481001
440;Cult;36%;tt0480969
441;Mosè e Faraone, o Il passaggio del Mar Rosso;Desconocido;tt0480768
442;O magos tis Venetias;Desconocido;tt0481302
443;The Initiation of Sarah;26%;tt0795403
444;Reign of the Gargoyles;20%;tt0969322
445;Star Wars: The Clone Wars;93%;tt1185834
446;El que habita las alturas;Desconocido;tt1322910
447;The Hunt for Gollum;Desconocido;tt1323925
448;El sol;Desconocido;tt1324057
449;Finale;50%;tt1326218
450;Out of the Fog;31%;tt1326957
451;Chi bi: Jue zhan tian xia;Desconocido;tt1326972
452;Charlie St. Cloud;Desconocido;tt1438254
453;Gladiator Games;Desconocido;tt1439532
454;Aguarde, por favor!;Desconocido;tt12141548
455;Original Sin;12%;tt12215220
456;Zookeeper;14%;tt1222817
457;Vampire Madness;Desconocido;tt12306262
458;Portrait;Desconocido;tt12321038
459;The Future;72%;tt1235170
460;In the Realms of Gold;Desconocido;tt13820914
461;Portraits: Emile, 98bit;Desconocido;tt13817214
462;Astral;56%;tt10100940
463;Brightheart;Desconocido;tt11107978
464;Kiokuya: Anata o wasurenai;Desconocido;tt11116656
465;Lukøje;Desconocido;tt11124092
466;Hopsa Heisasa;Desconocido;tt11128480
467;Armugan;Desconocido;tt11123316
468;The Black Baptism;Desconocido;tt11131816
469;La mujer del Presidente;71%;tt12572368
470;Darker Than Night;Desconocido;tt12592338
471;My Dog Is Sick;98%;tt12592680
472;The New Frontier;Desconocido;tt12619898
473;Churuli;67%;tt12625756
474;Fantasm;75%;tt4621366
475;Spooked;Desconocido;tt4629450
476;Fool Moon;Desconocido;tt4631440
477;Pumpkin Night;Desconocido;tt4636258
478;A Very Merry Chris 'n' Craig Mas;Desconocido;tt4641348
479;Skogen;Desconocido;tt4666644
480;Tales of Horror: The Judgment;Desconocido;tt4872678
481;Descendants of the Coven;86%;tt4903204
482;Manic;68%;tt4924236
483;Parkway;Desconocido;tt1964988
484;Il cerchio dei morti;Desconocido;tt1984180
485;Confession 3;Desconocido;tt1995281
486;It Returns from My Basement;Desconocido;tt2004260
487;Live Zombys: The Farm;13%;tt2007420
488;Skin Deep;100%;tt2008636
489;Maelstrom;79%;tt2011113
490;A praga;68%;tt2016844
491;Cabin;67%;tt2025513
492;Slash Hive;Desconocido;tt2035624
493;Pervaya sopka. Mest beshenogo Gansalesa;Desconocido;tt2041503
494;Chiller's Dare 2 Direct Short Film Festival 2007;Desconocido;tt2043811
495;Z-Day;Desconocido;tt2047925
496;Dead End;75%;tt2057385
497;A Child's Toy;73%;tt2075080
498;When You Owe You Pay;Desconocido;tt2069978
499;Gap;Desconocido;tt2072977
500;12 Minutes;Desconocido;tt2076140
501;Crna ovca u restoranu za zombije;Desconocido;tt2079488
502;Transmitted;Desconocido;tt2082492
503;The Sinister Grin;Desconocido;tt2089839
504;Kaj Upokojenci Skrivajo v Kleti;Desconocido;tt2088807
505;Sick Perverts;Desconocido;tt2090607
506;The Deadline;20%;tt2091432
507;Don't Look Back;52%;tt2095626
508;Empaná de pino;Desconocido;tt2109121
509;Basura;Desconocido;tt2110395
510;Dok;Desconocido;tt2111297
511;Dawna of the Dead;76%;tt2115308
512;Dead Ahead;70%;tt2122322
513;Jour blanc;Desconocido;tt2130074
514;Djavolje Kolo;Desconocido;tt2132311
515;The Porthkerry Experience;Desconocido;tt2132495
516;3 Wishes;13%;tt2148815
517;Rak Lorn;Desconocido;tt2150812
518;Trepidation;Desconocido;tt2151887
519;Echo Park;78%;tt2151052
520;Make It Nice;Desconocido;tt2153885
521;Star Wars: Don't Go in the Endor Woods;23%;tt2166141
522;The Tower;100%;tt2166261
523;Zombie Noir;Desconocido;tt2176045
524;The Flea;Desconocido;tt2174552
525;Noise;100%;tt2177562
526;The Forecast;Desconocido;tt2191664
527;Uhripuu - The Sacrifice Tree;100%;tt2195110
528;A Carne;Desconocido;tt2194491
529;Nina Crazy Suicide Girl: Le Prigioniere di Satana;Desconocido;tt2201141
530;Alta Frecuencia;70%;tt2202371
531;La raíz del mal;89%;tt2205539
532;Slurpees;Desconocido;tt2217816
533;My Worst Nightmare;67%;tt2217881
534;Vendrá la muerte y tendrá tus ojos;Desconocido;tt2235801
535;Het mysterie van de volle maan;Desconocido;tt1596262
536;Yoga hakwon;Desconocido;tt1599378
537;Spirale;37%;tt1600443
538;Made Out Alive;65%;tt1600765
539;Birth of a Nicola;Desconocido;tt1602039
540;Aa Intlo;Desconocido;tt1601791
541;Bloodbath;Desconocido;tt1602110
542;Buttf**ker;Desconocido;tt1603470
543;Cheun;Desconocido;tt1603807
544;Cheuuat gaawn chim;Desconocido;tt1603808
545;Pipe Wrench;Desconocido;tt1603911
546;Pengantin Pantai Biru;Desconocido;tt1748161
547;Ninjas vs. Vampires;29%;tt1748134
548;White House;67%;tt1748288
549;Malevolent Ascent;Desconocido;tt1754170
550;All Flowers in Time;Desconocido;tt1753423
551;A Taste;86%;tt1753402
552;Blarghaaahrgarg;Desconocido;tt1753518
553;Bats in the Belfry;Desconocido;tt1753484
554;Don't Look Under the Bed;68%;tt1753727
555;Kalevet;Desconocido;tt1754000
556;Liebe oder nichts;Desconocido;tt1754124
557;Night of the Unwed;50%;tt1754274
558;Easter Bunny Bloodbath;Desconocido;tt1753750
559;Closed Door;Desconocido;tt1753598
560;Le malinconiche pene del Grom;Desconocido;tt1754088
561;The Next;28%;tt1754677
562;The Couple;85%;tt1754614
563;The Unwelcome;65%;tt1754726
564;The Brutalizer;70%;tt1754599
565;Phobia;63%;tt1754348
566;Within;25%;tt1754901
567;The Withered Dead;Desconocido;tt1754732
568;Lancaster Square;Desconocido;tt1754077
569;Dead Search;Desconocido;tt1753674
570;The Hitchhiker;35%;tt1999969
571;Call of Nature;5%;tt2000410
572;Daddy Cross;Desconocido;tt1999858
573;Caustic Zombies;Desconocido;tt1999851
574;Hurst;Desconocido;tt1999895
575;Tingen, Edderkoppen;Desconocido;tt2000433
576;Am I;Desconocido;tt2004153
577;Dead End;75%;tt2005193
578;Weeping;Desconocido;tt2004426
579;The Executive Producer;Desconocido;tt2005372
580;Flesh Art;Desconocido;tt2005220
581;Little Red;Desconocido;tt2004284
582;Darkwood Manor;Desconocido;tt2005190
583;Dead Bodies Everywhere;85%;tt2006093
584;Versipellis;Desconocido;tt2006297
585;Foreplay;Desconocido;tt2005221
586;12/12/2012;8%;tt2313780
587;Kuntilanak-Kuntilanak;Desconocido;tt2316550
588;Ex Abyssus;Desconocido;tt2315792
589;Samayou shinzô;Desconocido;tt2315292
590;The Devil's Music;Desconocido;tt2314348
591;File 13;39%;tt2314254
592;The Hole;53%;tt2315170
593;Six Ghosts;86%;tt2315864
594;Kung Fu Pocong Perawan;Desconocido;tt2316418
595;Nenek Gayung;Desconocido;tt2316564
596;Children of the Grave 2;47%;tt2316521
597;Too Focused;Desconocido;tt2315428
598;Exorsister;78%;tt2316637
599;All the Fists in the World Won't Save You Now;Desconocido;tt2317486
600;UNLV Massacre;Desconocido;tt2316404
601;Rakugo eiga;Desconocido;tt2317414
602;Paranormal Adoption;Desconocido;tt2316959
603;Morgana;100%;tt2318360
604;Just Like You...;Desconocido;tt2318569
605;Pumpkin Morgue Paranormal Investigators: Touch the Sky;Desconocido;tt2319420
606;The Darkening;Desconocido;tt2317734
607;Clowning Around;Desconocido;tt2318433
608;Shivers Down Your Spine: Convention Girl;Desconocido;tt2318675
609;Hush;93%;tt2318535
610;La Casa De Arriba;7%;tt2938190
611;Friends;78%;tt2937378
612;Soleil rouge;40%;tt2943870
613;Dead of Winter;77%;tt2941494
614;Hellhounds;13%;tt2943990
615;Bhoner: The Movie;Desconocido;tt2936408
616;Until Death;39%;tt2939094
617;Ridge War Z;Desconocido;tt2941258
618;Midnight Man;27%;tt2937080
619;Porcelain Rising;Desconocido;tt2938282
620;Liebe;Desconocido;tt2940782
621;Estrela Radiante;Desconocido;tt2941436
622;Enter If You Dare: House on Creepy Lane Part 2;Desconocido;tt2942404
623;El misterio de Vera Drudi;Desconocido;tt2942728
624;Fear: The Movie;46%;tt3608780
625;The Coed and the Zombie Stoner;22%;tt3608654
626;Saikin, chôchô wa...;Desconocido;tt3609482
627;Unnatural History;Desconocido;tt3609874
628;Reset;Desconocido;tt3608476
629;Skyglow;Desconocido;tt3608808
630;Funhouse;0%;tt3610680
631;Ban khang winyan;Desconocido;tt3612476
632;Hong lork lorn;Desconocido;tt3612494
633;Salvation Jane;Desconocido;tt3612342
634;Maria;90%;tt3614484
635;Picture Particles;75%;tt3615590
636;Guilt;93%;tt3614870
637;Icky;Desconocido;tt3615066
638;Body in Boot;95%;tt3615570
639;Ruka;Desconocido;tt3616378
640;Found Footage: The Lost Genre;Desconocido;tt3617952
641;Sandarsakan - The Visitor;19%;tt3613664
642;Precocious Movie Kids;47%;tt3616444
643;Out of Breath;Desconocido;tt3619340
644;Creature;89%;tt3619854
645;Mr. Dentonn;Desconocido;tt3620736
646;Behind Closed Doors;Desconocido;tt3620118
647;The Left-Hand Path;Desconocido;tt3622252
648;The Right Girl;22%;tt3621466
649;Nyctophobia;Desconocido;tt3623882
650;Demons;69%;tt3629024
651;R.L. Stine's Monsterville: Cabinet of Souls;Desconocido;tt4386242
652;GrossHouse;Desconocido;tt4388230
653;Slumlord;77%;tt4392454
654;Haunted;29%;tt4392362
655;Wide Spread;Desconocido;tt4392724
656;The Smiling Man;Desconocido;tt4392396
657;Follow;39%;tt4396584
658;Rate Me;Desconocido;tt4396330
659;Sisters;60%;tt4397114
660;The Wager;Desconocido;tt4396034
661;Hands of Wicked Men;Desconocido;tt4396744
662;Vacation;27%;tt4397576
663;Thee Massacre: Drenched in Blood and Sweat;100%;tt4400036
664;The Haunter of the Dark;83%;tt4402410
665;StaggeR .0;Desconocido;tt4402074
666;Haman;Desconocido;tt4401702
667;Calling;25%;tt4401132
668;Enter, Metanoia;Desconocido;tt4401362
669;Midnight Kiss;70%;tt4405432
670;Kartoffelsalat;Desconocido;tt4404474
671;When the Night Falls;9%;tt4401386
672;Snow Dayz;73%;tt4404292
673;Hyde;Desconocido;tt4412338
674;Getting Ready for a Lunch Date;Desconocido;tt4411554
675;Who? What? Where? Wolf!!!;45%;tt5330902
676;Tutorial;Desconocido;tt5330854
677;Friends Forever;Desconocido;tt5331612
678;Koritsia tis thalassas;Desconocido;tt5333132
679;The Call of Charlie;Desconocido;tt5334598
680;The Existential Zombie;Desconocido;tt5333890
681;She;20%;tt5334102
682;Die Geur van Appelkose;Desconocido;tt5338346
683;Thrust of the Blade;Desconocido;tt5337414
684;Aurora;22%;tt5341128
685;The Devilman;89%;tt5341078
686;The spirit chaser;Desconocido;tt5340542
687;Zoombies;63%;tt5340882
688;The Hand. Return;Desconocido;tt5341538
689;Slayer A.D.;Desconocido;tt5342520
690;Eternal Coma, 1994;Desconocido;tt5342196
691;The Puppet Man;Desconocido;tt5340864
692;Exscind;Desconocido;tt5343730
693;Staged;89%;tt5344394
694;Patient Seven;29%;tt5345298
695;Divination;50%;tt5350044
696;Gritos del Monday;Desconocido;tt5350098
697;Çagrilan;Desconocido;tt5352034
698;Circles;Desconocido;tt5350688
699;Dusty;Desconocido;tt5353006
700;Vile Prey;Desconocido;tt5352998
701;Flamingo;Desconocido;tt5355360
702;Lake on Fire;Desconocido;tt5354458
703;Captured;Desconocido;tt5851592
704;Sacrilege;10%;tt5848862
705;Kodomo tsukai;Desconocido;tt5856116
706;The Doll Master;54%;tt5856594
707;The Atoning;67%;tt5854198
708;Agatha;71%;tt5860750
709;I Contacted Poison Control;Desconocido;tt5862836
710;Sleep No More;33%;tt5861882
711;Wettlaufers Widow;Desconocido;tt5859042
712;Verónica;88%;tt5862312
713;Eddie;16%;tt5858234
714;Fagyott május;Desconocido;tt5863822
715;Svarta Madam;Desconocido;tt5868058
716;Over the Fairy Hill;93%;tt5862464
717;O Vídeo 2;Desconocido;tt5871412
718;Orpheum;Desconocido;tt5867404
719;Attack of the Adult Babies;50%;tt5871318
720;Birthday;Desconocido;tt5869246
721;Into the Black;70%;tt5866170
722;Lunch Box;Desconocido;tt5873448
723;The City of Gold;89%;tt4113346
724;CobraGator;Desconocido;tt4155680
725;3:15 AM;Desconocido;tt4161376
726;Bacao;Desconocido;tt4157484
727;Inner Ghosts;40%;tt4177670
728;Black Pumpkin;Desconocido;tt4180532
729;Malacostraca;Desconocido;tt4185538
730;Achoura;83%;tt4188180
731;Hunted: Outbreak;Desconocido;tt4187646
732;Exit 14;25%;tt4202970
733;Moma's Spirit;Desconocido;tt4203788
734;Something in the Dark;Desconocido;tt4204450
735;Ghost Walks;83%;tt4208978
736;Virus of the Dead;Desconocido;tt4225092
737;Eat Me;85%;tt4229864
738;The Key and the Answer;Desconocido;tt4259842
739;The Snarling;60%;tt4263780
740;Ben: The Movie;60%;tt4266102
741;La nuit a dévoré le monde;87%;tt4266076
742;Seven Stages to Achieve Eternal Bliss by Passing Through the Gateway Chosen by the Holy Storsh;Desconocido;tt4270452
743;Seven in Heaven;21%;tt4269118
744;Chuck Steel: Night of the Trampires;88%;tt4278346
745;West of Hell;43%;tt4287470
746;The Iced Hunter;Desconocido;tt4305160
747;American Exorcist;Desconocido;tt4312842
748;Blackout;Desconocido;tt4335614
749;The Beast of Calvary Creek;Desconocido;tt4352538
750;Hide in the Light;22%;tt4369136
751;Seen;Desconocido;tt4368570
752;Blood Vow;75%;tt4372084
753;Mulgoe;95%;tt4374286
754;Pumpkins;Desconocido;tt4381382
755;Finding GrassMan;Desconocido;tt4404206
756;Slice;52%;tt4411234
757;The Spiritualist;Desconocido;tt4418152
758;Boogeyman Pop;Desconocido;tt4422886
759;Island of the Dolls;Desconocido;tt4423788
760;Aux;Desconocido;tt4443974
761;Killing Joan;Desconocido;tt4454834
762;In Memory Of;Desconocido;tt4457008
763;I Think You Should Flee;97%;tt4472982
764;Necronomicón;Desconocido;tt4491146
765;Rumah Belanda;Desconocido;tt4504144
766;Bigfoot;26%;tt4503112
767;Tainted Love;Desconocido;tt4507566
768;Headgame;36%;tt4518962
769;A Novel Tale of Grave Danger;Desconocido;tt4516814
770;Darkness Reigns;87%;tt4520518
771;Overlord;82%;tt4530422
772;Kembalinya Anak Iblis;Desconocido;tt10768346
773;Locker;Desconocido;tt10767566
774;La llorona;96%;tt10767168
775;Unity;62%;tt10767384
776;Slaughterhouse Slumber Party;Desconocido;tt10771232
777;The Slit-Mouthed Woman;50%;tt10771014
778;Punisher;65%;tt10771492
779;Dibbuk;Desconocido;tt10772310
780;A Haunting at The Octagon Mansion;37%;tt10772508
781;Birds of a Feather;Desconocido;tt10773246
782;It Whispers;71%;tt10772348
783;Violeta;Desconocido;tt10772728
784;Gray Matters;8%;tt10772994
785;By Night's End;100%;tt10771344
786;Texas Death Trippin';Desconocido;tt10772304
787;I Want Mommy;37%;tt10773386
788;Maledictus;Desconocido;tt10777280
789;Alyti;Desconocido;tt10776598
790;Vacant Rooms;Desconocido;tt10774576
791;The Fork;100%;tt10777088
792;Ashes;Desconocido;tt10776436
793;Return To Haddonfield;39%;tt10776702
794;Hora de cenar;30%;tt10777296
795;The Ferryman;Desconocido;tt10778584
796;Locked In;58%;tt10786718
797;Blackface;53%;tt10783516
798;Insight of Evil 2: Vengeance;Desconocido;tt10783080
799;Legend of Takawa;64%;tt10787718
800;My Boyfriend the Boogeyman;60%;tt10787274
801;The Hitchhiker;35%;tt10785206
802;The Painter;83%;tt12234750
803;Clowning Around;Desconocido;tt12235836
804;From Outside;Desconocido;tt12236310
805;FEIC - Fonti eminenti inconfutabili confermano;Desconocido;tt12239222
806;Momma;Desconocido;tt12236288
807;Widow Maker: The Soul-Sucking Dog;Desconocido;tt12236242
808;Critical Perfection;Desconocido;tt12237116
809;Don't Worry, You Don't Exist;38%;tt12241238
810;Alone;91%;tt12239042
811;Nederlands-Engels Woordenboek;Desconocido;tt12239128
812;Capture;96%;tt12242936
813;Catalyst;Desconocido;tt12241482
814;Tapes;0%;tt12244152
815;Strange Encounters;Desconocido;tt12245806
816;Bite Me;60%;tt12244390
817;Plu-ral;Desconocido;tt12244676
818;Toby Doll;Desconocido;tt12245110
819;In My Name;98%;tt12245768
820;Domain;71%;tt12247826
821;Watching You;77%;tt12245872
822;Peer;Desconocido;tt12246836
823;Envy;8%;tt12249036
824;Life.;Desconocido;tt14165710
825;Fame Fatale;49%;tt14164708
826;Night, Night, Baby 3: Goodnight Forever;Desconocido;tt14168392
827;Gold Coins;Desconocido;tt14168888
828;Grindsploitation 9;Desconocido;tt14170458
829;IRUL: Ghost Hotel;Desconocido;tt14170178
830;No Return;Desconocido;tt14170108
831;A Chamada;100%;tt14172656
832;Emory Woods;Desconocido;tt14175438
833;The Pack;55%;tt14172892
834;Miracle Valley;Desconocido;tt14174586
835;Doppelgänger;56%;tt14174278
836;The Faraway Place;Desconocido;tt19316160
837;Don't Look in the Basement;25%;tt19316712
838;Haunted Universities 2nd Semester;Desconocido;tt19328882
839;Blood and Black Lace;80%;tt19355610
840;Scream: Fan Film;76%;tt19357018
841;OST;Desconocido;tt19353940
842;Mittel Würffel;Desconocido;tt19354910
843;MORBIUS;Desconocido;tt19356146
844;Winter of '83;Desconocido;tt19357478
845;Who's There;Desconocido;tt19358828
846;Backrooms Found Footage;Desconocido;tt19359866
847;DIEver;93%;tt19363900
848;No: 26 Ölüm Çigligi;Desconocido;tt19357830
849;Hide and Seek;12%;tt19364200
850;Iblis: Karanligin Sahibi;Desconocido;tt19357834
851;Aranya Sen;83%;tt19365024
852;The Cleansing;Desconocido;tt19365498
853;Piranha Women;Desconocido;tt19365926
854;Erecting A Monster;Desconocido;tt19367438
855;Terroir;Desconocido;tt19369392
856;Peripheral;79%;tt19369570
857;RiffTrax: Zombie Nightmare;Desconocido;tt19369784
858;The Killer Balloon;Desconocido;tt19370248
859;Trash Juice;Desconocido;tt19370780
860;Wanna Play A Game;Desconocido;tt19369296
861;The knifemare;Desconocido;tt19365404
862;Day 66;87%;tt27811641
863;Wicked Fright;Desconocido;tt27812098
864;The Poors;Desconocido;tt27812638
865;Ghunghroo;Desconocido;tt27812992
866;Slumber Hunger;0%;tt27813558
867;Beholder;Desconocido;tt27814965
868;GhostGame;40%;tt27817365
869;Vloek: kutukan;Desconocido;tt27818377
870;Noctambule;Desconocido;tt27818862
871;Tape X;Desconocido;tt27825585
872;A nap...;Desconocido;tt27826966
873;Paradise Hell;83%;tt27829138
874;Barbatachtian 5: Alive;Desconocido;tt27829251
875;Mansplained;Desconocido;tt27829732
876;Blackwater;80%;tt27830338
877;The Hand;29%;tt27830625
878;Perfect Match;56%;tt27831431
879;Meera Ka Mohan;Desconocido;tt0378343
880;Sana kahit minsan;Desconocido;tt0385212
881;Qaid Mein Hai Bulbul;Desconocido;tt0390400
882;Boy Friend;88%;tt0395480
883;Kanmani;Desconocido;tt0317807
884;Pehla Pehla Pyar;Desconocido;tt0317985
885;Amor que mata;62%;tt0318984
886;Rasigan;Desconocido;tt0331642
887;Headphoneul beosheora;Desconocido;tt0333547
888;Pinkbit gangtong;Desconocido;tt0334113
889;Nuga naleul michige haneunga;Desconocido;tt0285804
890;Haqeeqat;Desconocido;tt0286672
891;Tranzito;95%;tt0289575
892;Endoresu warutsu;98%;tt0291149
893;I zoi enamisy hiliariko;Desconocido;tt0292387
894;Vizio e provocazione;Desconocido;tt0295539
895;Kirot 2;31%;tt0301512
896;Sri Krishnarjuna Vijayam;Desconocido;tt0267950
897;Jincha sanai;Desconocido;tt0272681
898;Istanbul Kanatlarimin Altinda;Desconocido;tt0272142
899;Udyanapalakan;46%;tt0271849
900;D'amour et d'eau salée;Desconocido;tt0273163
901;Kaathil Oru Kinnaram;Desconocido;tt0275441
902;Un homme;44%;tt0219371
903;Flames: The Movie;Desconocido;tt0216753
904;Mohabbat;44%;tt0217660
905;Sled kraja na sveta;Desconocido;tt0206303
906;Wuthering Heights;68%;tt0204744
907;Doli Saja Ke Rakhna;58%;tt0207415
908;Prem Aggan;Desconocido;tt0210920
909;Bun siu hai;Desconocido;tt0241222
910;Dolphins;89%;tt0240457
911;Shôjo kakumei Utena: Adolescence mokushiroku;Desconocido;tt0243558
912;Liebe versetzt Berge;Desconocido;tt0244037
913;Deadtime;Desconocido;tt0245860
914;Sirf Tum;48%;tt0244794
915;Inteha;Desconocido;tt0246701
916;Papa's Angels;87%;tt0263836
917;Jis Desh Mein Ganga Rehta Hain;18%;tt0263491
918;Bangkok Dangerous;9%;tt0263101
919;A kis utazás;Desconocido;tt0265017
920;Parsley Days;76%;tt0263840
921;One True Love;23%;tt0263817
922;Boychick;46%;tt0287942
923;Wonder;86%;tt0289627
924;Personals: College Girl Seeking...;Desconocido;tt0288730
925;Say Nothing;27%;tt0288808
926;Wai See Lee: Lam huet yan;Desconocido;tt0324518
927;Regentage;Desconocido;tt0323788
928;Romance;Desconocido;tt0323829
929;Akala mo...;Desconocido;tt0324975
930;Sam & Janet;Desconocido;tt0323874
931;Blue;78%;tt0326773
932;Ya no los hacen como antes;Desconocido;tt0368452
933;Walang kapalit;Desconocido;tt0368428
934;Parwana;Desconocido;tt0366880
935;Hob el banat;Desconocido;tt0366581
936;Pride and Prejudice;Desconocido;tt0366920
937;Il posto dell'anima;Desconocido;tt0366915
938;This Car Up;Desconocido;tt0367137
939;Wuthering Heights;68%;tt0367245
940;Okkadu;83%;tt0366840
941;Laam seung lui gwong;Desconocido;tt0408981
942;Muskaan;Desconocido;tt0409068
943;Der Traum vom Süden;Desconocido;tt0410803
944;Shart: The Challenge;Desconocido;tt0410591
945;Running Without Sound;Desconocido;tt0410536
946;Slutty Summer;11%;tt0411883
947;All My Life;57%;tt0411096
948;Boy Meets Girl Stories #4: Geen antwoord;Desconocido;tt0452167
949;Dubai;75%;tt0453040
950;The Dive from Clausen's Pier;42%;tt0452611
951;Elsa y Fred;33%;tt0453047
952;Sachein;Desconocido;tt0453201
953;Mama und der Millionär;Desconocido;tt0453515
954;Cumbia callera;66%;tt0897249
955;Red: The Dark Side;43%;tt0896968
956;Oviedo Express;17%;tt0896957
957;14 Days in Paradise;Desconocido;tt0898887
958;Blue Butterfly;Desconocido;tt10849812
959;Deh Sukh 2;Desconocido;tt10851198
960;Sayonara made no 30-bun;82%;tt10857048
961;Womanhood;Desconocido;tt10859670
962;Sunny, Pomona;Desconocido;tt10869180
963;In a Sentimental Mood;Desconocido;tt12714422
964;Infame;Desconocido;tt15070914
965;Askin Gönül Yazisi;Desconocido;tt15072672
966;Un novio para mi mujer;Desconocido;tt15092772
967;Hatya;Desconocido;tt15094830
968;Osman Sekiz;Desconocido;tt15114166
969;82 Bunsho;Desconocido;tt28331529
970;Mi mi da zhui sha;Desconocido;tt28660615
971;Pigilin natin ang dilim;Desconocido;tt28857336
972;Eight Ball;Desconocido;tt5960506
973;Eight Ball;Desconocido;tt5964886
974;Wait a Minute;Desconocido;tt6257646
975;Jahan Pyaar Mile;Desconocido;tt6380828
976;Assassini per caso;13%;tt8659854
977;Kureyon Shinchan: Arashi o Yobu Janguru!;Desconocido;tt2180441
978;All in Theory;80%;tt2302515
979;Primavera di granito;Desconocido;tt2473052
980;Mensagem;Desconocido;tt2523120
981;Mere Aagosh Mein;Desconocido;tt2663796
982;The Naked Truth;Desconocido;tt2663784
983;Ek Nari Do Roop;Desconocido;tt2663852
984;Uff Yeh Nasha;Desconocido;tt2722872
985;Empty Mirror;71%;tt2727252
986;Sparsha;Desconocido;tt2917334
987;Dr. Munshir Diary;Desconocido;tt2929826
988;Dear Father;Desconocido;tt11230238
989;X dang an Sha wu she;Desconocido;tt11502648
990;Mutham;Desconocido;tt10295786
991;Meitantei Conan: Ginyoku no kijutsushi;Desconocido;tt1133559
992;Triple Raped;Desconocido;tt11806164
993;Wednesday Afternoon;Desconocido;tt1183922
994;Ab... Bas!;Desconocido;tt1202344
995;Playing God;69%;tt1223456
996;Per giusto omicidio;Desconocido;tt1227171
997;Suicide Run;Desconocido;tt1033633
998;Ömer Seyfettin: Perili kösk;Desconocido;tt10345862
999;Lisa;50%;tt1038040
1000;13 segundos;80%;tt1043716
1001;Backhand;Desconocido;tt1055268
1002;The Silver Rope;Desconocido;tt0929793
1003;Her Sister's Keeper;47%;tt0930063
1004;Room 36;Desconocido;tt1149402
1005;Second Sight;0%;tt1151400
1006;3 Days of Darkness;20%;tt1151836
1007;Paper Girl;Desconocido;tt1152279
1008;Le rédempteur;Desconocido;tt1153045
1009;Sebastian & Alan;Desconocido;tt1153048
1010;Oftalmós;Desconocido;tt1155067
1011;Loop;50%;tt1155062
1012;Gekijô ban Kara no kyôkai: Dai isshô - Fukan fûkei;Desconocido;tt1155650
1013;The Interrogation;86%;tt11561638
1014;Green Eyed Monster;Desconocido;tt1156311
1015;Divar;Desconocido;tt1313108
1016;25Gs;Desconocido;tt1313225
1017;Nocturnos;63%;tt1313251
1018;Rabid Rage;79%;tt1313879
1019;Class Savage;76%;tt1314172
1020;Ru-Ba-Ru;Desconocido;tt1314367
1021;Troglodyte;13%;tt1314248
1022;Hush;93%;tt1315045
1023;Interpretation;Desconocido;tt1315047
1024;Frozen Seed;Desconocido;tt1315042
1025;El ataque de los robots de nebulosa-5;Desconocido;tt1315346
1026;Muñeco viviente V;Desconocido;tt1315393
1027;Christian Blake;Desconocido;tt1316041
1028;Quarto 38;18%;tt1315894
1029;Trickery Mimicry;Desconocido;tt1316083
1030;Good People;12%;tt1316053
1031;Tuesday;100%;tt1453448
1032;Blacke Revenant;Desconocido;tt1453955
1033;Dark Heart;57%;tt1453978
1034;Apparition;3%;tt1453949
1035;Ek: The Power of One;24%;tt1454461
1036;The Lower Circle;Desconocido;tt1454723
1037;Fueled;Desconocido;tt1454986
1038;Intruder;52%;tt1455082
1039;Faux Finish;Desconocido;tt1454925
1040;Go Quietly;100%;tt1455012
1041;Lateral Us;Desconocido;tt1455166
1042;Hector Corp.;94%;tt1455635
1043;Among Thieves;91%;tt1456085
1044;The Cold Day in Hell;0%;tt1646230
1045;6079_Zn;Desconocido;tt1646091
1046;Periferic;Desconocido;tt1646221
1047;La casa muda;68%;tt1646973
1048;Vulture;Desconocido;tt1646176
1049;The Raven;22%;tt1646231
1050;The Bird Curse;52%;tt1646943
1051;Wasted on the Young;Desconocido;tt1647483
1052;In;Desconocido;tt1869486
1053;Bbuddah... Hoga Terra Baap;51%;tt1869296
1054;Black Pond;Desconocido;tt1869309
1055;Eye of the Storm;83%;tt1871270
1056;One Shot;59%;tt1869606
1057;Fatale;45%;tt1870393
1058;Maniac;85%;tt1869551
1059;30 días antes;Desconocido;tt1871997
1060;ENEMY: In the Deep, Dark Corners;Desconocido;tt1871261
1061;Revived;Desconocido;tt1872152
1062;Remains;9%;tt1870527
1063;Ibn el-Qunsul;Desconocido;tt1872084
1064;Turn;81%;tt1872879
1065;Famous;Desconocido;tt1873556
1066;Instant Message;Desconocido;tt1872814
1067;Heaven Sent;Desconocido;tt2202366
1068;When the Clock Strikes Midnight;Desconocido;tt2201926
1069;Christmas Twister;28%;tt2202798
1070;Distants;Desconocido;tt2201810
1071;Stalker;100%;tt2202579
1072;Code 72;Desconocido;tt2203765
1073;¡Atraco!;43%;tt2203951
1074;Hiccup;Desconocido;tt2204108
1075;Emily;88%;tt2204924
1076;Beneath the Ink;Desconocido;tt2202389
1077;Offeret;89%;tt2203859
1078;Shallow;78%;tt2203808
1079;Some of Angela;Desconocido;tt2203842
1080;Kobieta Plus Drzewo;Desconocido;tt2204283
1081;Sins;17%;tt2693018
1082;Follow;39%;tt2697770
1083;Wishful Thinking;0%;tt2698106
1084;Final Offense;0%;tt2698206
1085;John Day;Desconocido;tt2699840
1086;The Necklace;Desconocido;tt2699762
1087;Rough Waters;40%;tt2700772
1088;Back Up;17%;tt2700558
1089;OperHator;100%;tt2701088
1090;A Shameless Revenge;Desconocido;tt2700466
1091;Broken Knuckles;Desconocido;tt2705192
1092;2013: Holocaust;Desconocido;tt2697322
1093;Jinrui shikin;Desconocido;tt2700114
1094;Devil's Corner;Desconocido;tt3361808
1095;Tin Man;Desconocido;tt3361794
1096;Joy Burn;Desconocido;tt3361182
1097;Necrofobia;Desconocido;tt3360828
1098;Client Seduction;Desconocido;tt3364316
1099;Sorority Surrogate;Desconocido;tt3366000
1100;5;Desconocido;tt3370900
1101;Nona;60%;tt3369826
1102;Killing Daddy;85%;tt3368814
1103;The Truth;87%;tt3371582
1104;Purgatorio;Desconocido;tt3374866
1105;Where Is Alice?;30%;tt3373912
1106;The Dark;95%;tt3376648
1107;Ithu Charuvoda Dating;Desconocido;tt3376252
1108;Compass Rose;Desconocido;tt3379232
1109;Gone in the Dark;Desconocido;tt3377796
1110;Tangled Wire;89%;tt3378362
1111;Venial;Desconocido;tt3377886
1112;Norman Hyde;Desconocido;tt3381468
1113;Water;91%;tt3381570
1114;Curse of Mesopotamia;Desconocido;tt3883976
1115;Xanadu;30%;tt3883454
1116;A Boy Named Bellamy;Desconocido;tt3888418
1117;Kadavul Paathi Mirugam Paathi;Desconocido;tt3885704
1118;Night Fare;40%;tt3889166
1119;Tiger Lily;Desconocido;tt3889100
1120;Franklin: A Symphony of Pain;Desconocido;tt3884666
1121;Mae Day;53%;tt3889644
1122;Lights Out;Desconocido;tt3891580
1123;Revolve;15%;tt3891920
1124;Mile End;Desconocido;tt3893826
1125;Ellos Volvieron;Desconocido;tt3894340
1126;Depth of a Dark Side;Desconocido;tt3898080
1127;Gone Tomorrow;Desconocido;tt3899070
1128;Savageland;60%;tt3899154
1129;Madison Lane;Desconocido;tt3898244
1130;Sons of the Wicked;Desconocido;tt3899380
1131;Last Pickup;Desconocido;tt3895838
1132;Madam Trigger;Desconocido;tt3893926
1133;Sharknado 3: Oh Hell No!;36%;tt3899796
1134;Bird Watching;96%;tt3901012
1135;Her Infidelity;17%;tt3905756
1136;Loss;Desconocido;tt3901818
1137;For Jean-Pierre Melville;Desconocido;tt3901162
1138;Sendero;14%;tt3901962
1139;Saving Dreams;Desconocido;tt4813906
1140;Inside Scarlett;Desconocido;tt4809254
1141;Apocalypse Road;Desconocido;tt4815204
1142;Here Alone;54%;tt4814760
1143;Te3n;67%;tt4814290
1144;Ectoplasm;Desconocido;tt4817500
1145;A Beautiful Mess;Desconocido;tt4818474
1146;Lens;Desconocido;tt4818776
1147;Good Tidings;0%;tt4823524
1148;Zhen xiang jin qu;Desconocido;tt4828680
1149;Break in at Sam Palmer's House;Desconocido;tt4832364
1150;Scattered;Desconocido;tt4827246
1151;Dean's Well;65%;tt4829642
1152;Inches from the Ground;Desconocido;tt4828600
1153;Promotion;55%;tt4829108
1154;Sharknado 4: The 4th Awakens;14%;tt4831420
1155;The Loner;63%;tt4831810
1156;Blank Face;68%;tt4835102
1157;Soldier Bee;50%;tt4835318
1158;Purasangre;Desconocido;tt4835926
1159;Four Walls;Desconocido;tt4835804
1160;No Good Heroes;Desconocido;tt4839414
1161;Lioness;56%;tt4840298
1162;Flickan, mamman och demonerna;Desconocido;tt4841464
1163;Taste;86%;tt4839430
1164;MiddleMan;71%;tt4835894
1165;Only She Knows;Desconocido;tt4836052
1166;Night Shifts;93%;tt4836384
1167;Jake;Desconocido;tt4836794
1168;Enemy Within;Desconocido;tt4837396
1169;Yassine Movie;Desconocido;tt4837290
1170;Emily and the Lightning;Desconocido;tt4839432
1171;An Idle Mind Is the Devil's Playground;Desconocido;tt4843318
1172;Blood is a prisoner;Desconocido;tt4845720
1173;My Father Has a Choice;35%;tt4844176
1174;Jasper Jones;Desconocido;tt5091014
1175;M.F.A.;80%;tt5091530
1176;O lyubvi;Desconocido;tt5091108
1177;Watch the Sunset;71%;tt5094040
1178;Echoes of the Passed;95%;tt5095194
1179;Cold Brass;Desconocido;tt5094914
1180;Kyrsyä - Tuftland;43%;tt5104330
1181;Ghost Note;Desconocido;tt5109302
1182;One Under the Sun;86%;tt5110386
1183;Super Dark Times;Desconocido;tt5112578
1184;Noctem;Desconocido;tt5111550
1185;Cassette;Desconocido;tt5112462
1186;The Keeping Hours;Desconocido;tt5114154
1187;Veras Mantel;Desconocido;tt5113868
1188;Adam;38%;tt5118062
1189;Perfect sãnãtos;56%;tt5120010
1190;Alien Shadows;Desconocido;tt5118616
1191;Pyewacket;83%;tt5119116
1192;True to the Game;58%;tt5116504
1193;El bar;88%;tt5121816
1194;Vo veki vechnye;Desconocido;tt5125582
1195;A Good Dream;Desconocido;tt5126730
1196;Stand Up;Desconocido;tt5125668
1197;O Animal Cordial;Desconocido;tt5126274
1198;Awakening;84%;tt5127812
1199;A Simple Job;84%;tt5127918
1200;Hitchhiker;94%;tt5136540
1201;Skinford;Desconocido;tt5136686
1202;Xenophilia;Desconocido;tt5139394
1203;The Good Machine;Desconocido;tt5140226
1204;Annabelle: Creation;70%;tt5140878
1205;Triangle;79%;tt5141620
1206;The Dissection of Jack & Jill;Desconocido;tt5142086
1207;Seth;Desconocido;tt5143110
1208;12 Feet Deep;92%;tt5143226
1209;Smoke;88%;tt5143926
1210;Lost in Tokyo;Desconocido;tt5150426
1211;Reverend;10%;tt5147510
1212;Illicit;52%;tt5152606
1213;The Discovery;46%;tt5155780
1214;Escape Room;50%;tt5159414
1215;Nibunan;Desconocido;tt5159408
1216;Nightworld;11%;tt5157052
1217;The Scenic Route;65%;tt13242792
1218;Dogface;Desconocido;tt13256150
1219;Paradise;55%;tt13273558
1220;Nightswims;Desconocido;tt13279128
1221;Iniquitous Interrogation;Desconocido;tt13316130
1222;Interior;Desconocido;tt13323766
1223;Sweet Like Poison;Desconocido;tt13331612
1224;Valentine Day Ka Side Effect;Desconocido;tt13346998
1225;Reflection;95%;tt13363622
1226;Obscurity;75%;tt13369410
1227;L'oscura presenza - Prologo;Desconocido;tt13374328
1228;Run for Your Life;Desconocido;tt13380636
1229;Werewolf Game: Prison Break;Desconocido;tt13445838
1230;Wost Prom Ever;62%;tt13476294
1231;The Man in the Bowler Hat;100%;tt13483994
1232;Kesikbas;Desconocido;tt13485508
1233;Vefk: Ölüm çagirdi;Desconocido;tt13486272
1234;Celebr8;Desconocido;tt13490714
1235;Woke;74%;tt13490422
1236;The Parable of Allison;Desconocido;tt10488438
1237;Entanglement;61%;tt10492754
1238;The Woe Land Saga, Chapter 1: ingrID;Desconocido;tt10492778
1239;I Love You;Desconocido;tt10494498
1240;Dream_Girl;79%;tt10495404
1241;Casablanca;99%;tt10497826
1242;The Devil She Knows;36%;tt10498850
1243;Annabellum: The Curse of Salem;55%;tt10498810
1244;Hamlet Pheroun;Desconocido;tt10497516
1245;Caliche Run;Desconocido;tt10499108
1246;The Amazing World of Emma;86%;tt10498478
1247;Alternate;75%;tt10499936
1248;Midnight Ruins;87%;tt10497914
1249;Guilt;93%;tt10499300
1250;The Factory at Echo Lake;Desconocido;tt10503012
1251;Morally Relativistic;Desconocido;tt11750326
1252;Voces;63%;tt11750282
1253;Tarung Sarung;Desconocido;tt11749980
1254;Die Waschmaschine;Desconocido;tt11747978
1255;The Mountain Kings;Desconocido;tt11750260
1256;The Rift - Candidate 23;Desconocido;tt11749482
1257;Tick Tick Tick;57%;tt11752970
1258;The Instrument;Desconocido;tt11756502
1259;Friend;78%;tt11755386
1260;Unleash the Rage;76%;tt11757782
1261;Freeze Your Brain;75%;tt11758948
1262;Hannah & the Friend Zone;Desconocido;tt11759580
1263;Dispute - II A film by mirzamlk;Desconocido;tt11761284
1264;Half the Man;Desconocido;tt11759182
1265;Sam;Desconocido;tt11761282
1266;Harassed;68%;tt11761850
1267;f/0;Desconocido;tt11760210
1268;BIR;Desconocido;tt11760270
1269;White Noise;Desconocido;tt13786562
1270;Yug the law of karma;Desconocido;tt13788046
1271;Season of the Worm;Desconocido;tt13786492
1272;Outlier;20%;tt13793884
1273;Rare;Desconocido;tt13793000
1274;The 2nd Wave;Desconocido;tt13793428
1275;The Last Two Days;91%;tt13796242
1276;Bumper Policy;46%;tt16912492
1277;Regalo;Desconocido;tt16951398
1278;Non-Disclosure;Desconocido;tt16954632
1279;The Replacements;41%;tt16960952
1280;Gangs of 18;73%;tt16965118
1281;Daddy's Little Nightmare;Desconocido;tt16967964
1282;Night at the Neptune;Desconocido;tt16968426
1283;Lesion;91%;tt16968876
1284;Noche Americana;20%;tt16969742
1285;Kinjirareta asobi;Desconocido;tt26758292
1286;Detektor;Desconocido;tt26761217
1287;Kukolnik;Desconocido;tt26761313
1288;Watching Amber;7%;tt26761732
1289;Streaming;Desconocido;tt26762096
1290;Biet;Desconocido;tt26762535
1291;Graveyard of Dreams;100%;tt26762793
1292;Ako si Ninoy;Desconocido;tt26762997
1293;Perdue de vue;Desconocido;tt7042224
1294;Sheyal Debota Rahasya;Desconocido;tt6814204
1295;Southwest;Desconocido;tt6869360
1296;The Victim;91%;tt7428098
1297;Marie-Madeleine,;Desconocido;tt5555410
1298;Addi Tappaa;Desconocido;tt10100872
1299;Andalus;Desconocido;tt10137406
1300;One piece: Omatsuri danshaku to himitsu no shima;76%;tt1018764
1301;Kristallportale;Desconocido;tt0926094
1302;Lion;84%;tt0928191
1303;The Silver Rope;Desconocido;tt0929793
1304;Seul;71%;tt0929280
1305;Number 13;Desconocido;tt0934533
1306;Liu hao chu kou;47%;tt0934427
1307;The Sled;100%;tt1119212
1308;Reflections;60%;tt1119664
1309;Voces;63%;tt1121108
1310;Kirksdale;Desconocido;tt1121949
1311;The Truth About Faces;Desconocido;tt1121974
1312;Panama;7%;tt1338653
1313;Aswang: A Journey Into Myth;Desconocido;tt1339050
1314;Cowboy;92%;tt1339071
1315;7;83%;tt1339040
1316;The Ceremony;Desconocido;tt1339063
1317;Sessions of the Mind;Desconocido;tt1339166
1318;Sunshine Away;76%;tt1339178
1319;A Brush with Murder;Desconocido;tt1339532
1320;Pantomima;Desconocido;tt1339672
1321;Where's Dookie Cannata?;Desconocido;tt1340139
1322;A Noble Way;Desconocido;tt1340600
1323;The Mystery of the Missing Matron;Desconocido;tt1340599
1324;Cellule 66;90%;tt1340560
1325;The Chauffeur;Desconocido;tt1340561
1326;Veracity: We All Shine On;Desconocido;tt1480698
1327;Accused at 17;41%;tt1480649
1328;Awaken;57%;tt1482383
1329;Encrucijada;76%;tt1482446
1330;Kamisama herupu!;57%;tt1653881
1331;Be-seu-teu-sel-leo;31%;tt1655617
1332;Gôsuto;96%;tt1655400
1333;Exposed;8%;tt1878932
1334;The Key to Annabel Lee;Desconocido;tt1879072
1335;I Have Loved;96%;tt1880230
1336;Save the Planet;Desconocido;tt1880319
1337;Hij;Desconocido;tt1880220
1338;World's End;89%;tt2267848
1339;Ceaseless;92%;tt2268399
1340;You're Not Safe Here;Desconocido;tt2269920
1341;Der letzte Regen;Desconocido;tt2271289
1342;Palla al matt';Desconocido;tt2270486
1343;Nigaoe sôsakan 001 gô;Desconocido;tt2271503
1344;The Telling;15%;tt2795608
1345;Specimen 0625c;Desconocido;tt2797346
1346;Powrót;93%;tt2797786
1347;Spirit Cabinet;Desconocido;tt2800302
1348;Silent Spectrum;Desconocido;tt2800486
1349;Return of the Body Snatchers;93%;tt2803236
1350;The Lost Mantle of Elijah;Desconocido;tt2805316
1351;Tierra escarlata;Desconocido;tt2805550
1352;White Rabbit;88%;tt3521682
1353;Bad-Guy;88%;tt3521758
1354;The Good Sister;Desconocido;tt3521746
1355;The Ark of the Witch;22%;tt3522700
1356;Toybox;Desconocido;tt3522414
1357;M is for Mobile;Desconocido;tt3522368
1358;Cárcere Privado;Desconocido;tt3525858
1359;Status: Unknown;Desconocido;tt3525764
1360;A Rainy Day;47%;tt3527068
1361;Anti Cupido;62%;tt3524542
1362;After the Third Bell;Desconocido;tt3526430
1363;Tokyo Flow;Desconocido;tt3527516
1364;Lost Boy;77%;tt4355236
1365;Out of the Box;Desconocido;tt4355416
1366;Pinku to gurê;67%;tt4360406
1367;Jacquerie;Desconocido;tt4360490
1368;High Phantom Playback;Desconocido;tt4360272
1369;Anomie;Desconocido;tt4361078
1370;Crumbs;100%;tt4362764
1371;The Mine;17%;tt4363260
1372;Romantically Speaking;31%;tt4364862
1373;DristiBhram;Desconocido;tt4361472
1374;Visited;Desconocido;tt4365184
1375;Velkommen til Paradis;57%;tt4365576
1376;Die: Lianhua;Desconocido;tt4365336
1377;Death at the Christmas Tree Party;Desconocido;tt5175332
1378;The Missing Knife;Desconocido;tt5177386
1379;The Dead End;75%;tt5175604
1380;Buster's Mal Heart;70%;tt5173032
1381;The Serene Heartache;91%;tt5177846
1382;Gridlock;Desconocido;tt5180990
1383;Moretta;Desconocido;tt5182126
1384;Sparte;83%;tt5183186
1385;La verità sta in cielo;Desconocido;tt5186860
1386;Within Circles;Desconocido;tt5187346
1387;Aibô: Gekijô-ban IV;Desconocido;tt5738264
1388;The Moose Head Over the Mantel;Desconocido;tt5740994
1389;Flock;32%;tt5744330
1390;Maze;92%;tt5752606
1391;Prophecy Eleven;Desconocido;tt5751150
1392;Small Town Crime;79%;tt5751998
1393;Light Drifter;Desconocido;tt5755298
1394;The Landing;Desconocido;tt5754992
1395;Unbound;Desconocido;tt5767338
1396;Kill 'Em All;15%;tt5767628
1397;Bandwidth;Desconocido;tt5763122
1398;Shadow of Doubt;100%;tt5765148
1399;Hindsight;Desconocido;tt5764848
1400;La Perla;93%;tt5773172
1401;The Veiled;23%;tt5779140
1402;Disobeying the Laws of Sky Tyrants;Desconocido;tt5777392
1403;Resident Evil: Vendetta;Desconocido;tt5776208
1404;Making a Killing;Desconocido;tt6116568
1405;He Didn't Even Leave a Note;Desconocido;tt6125742
1406;Nasty;Desconocido;tt6131682
1407;Raakshas;Desconocido;tt6133484
1408;On the Other Side;44%;tt6132066
1409;The Black String;86%;tt6141334
1410;Distorted;18%;tt6143850
1411;Open Wound: The Über-Movie;Desconocido;tt6144410
1412;Between the Trees;12%;tt6151048
1413;Astro;17%;tt6156656
1414;I Think We're Alone Now;63%;tt6169694
1415;Unconditional;75%;tt6173418
1416;Something;50%;tt6185266
1417;La femme la plus assassinée du monde;86%;tt6186696
1418;Ghostland;55%;tt6195094
1419;Blindsided;62%;tt6205658
1420;A Vigilante;90%;tt6211976
1421;Apostle;78%;tt6217306
1422;Perfect;Desconocido;tt6222286
1423;Pledge;77%;tt6220752
1424;Boarding School;33%;tt6224502
1425;Lampor: Keranda Terbang;Desconocido;tt10698426
1426;Daddy;Desconocido;tt10699198
1427;Exile;91%;tt10702346
1428;A la bibliothèque;100%;tt10707200
1429;Afflatus;Desconocido;tt10706724
1430;Game Over;67%;tt10709060
1431;Anonymous Vol. 1 - The Dreamland Adventures the Mysteries of Atlantis;Desconocido;tt12059646
1432;Join Us;62%;tt12061308
1433;Cecily and Lydia at the Waypoint;Desconocido;tt12064142
1434;Doris;Desconocido;tt12070504
1435;"COVID-19 ; E.I.N.S.: E.scape I.nto N.ature S.pace";Desconocido;tt12076472
1436;Shadowed;Desconocido;tt12076272
1437;Den Japanska Illusionen;Desconocido;tt14130708
1438;Telestesia;Desconocido;tt14143006
1439;I Said;88%;tt14142872
1440;Bannerghatta;Desconocido;tt14142640
1441;The Quiet Light of the Midnight Cold;Desconocido;tt18569630
1442;Desvío;Desconocido;tt18570540
1443;F;Desconocido;tt18573810
1444;The Turn Ahead;Desconocido;tt18673794
1445;Maksym Osa;Desconocido;tt18688348
1446;Sight;Desconocido;tt27215062
1447;Agents of Change: Project Polymer;Desconocido;tt27235287
1448;Khitrovka. The Sign of Four;Desconocido;tt27241513
1449;Sight;Desconocido;tt27236215
1450;Der Wien-Krimi: Blind ermittelt - Tod an der Donau;Desconocido;tt27251096
1451;Marne Ke Dar Se Mere Dil;Desconocido;tt27250288
1452;Red Wine;20%;tt27250168
1453;Magna Lacerta;Desconocido;tt27262238
