x,"chequear ""Sin datos"" en id_peli NO repetida",borrar
id_peli,Actriz/Actor,file
tt0110363,Jason Robards,API II
tt0110363,Dennis Farina,API II
tt0110363,Jonathan Silverman,API II
tt0110363,Miles Feulner,API II
tt0110363,Billy L. Sullivan,API II
tt0110363,Kevin Dunn,API II
tt0110363,Ashley Crow,API II
tt0110363,John Ashton,API II
tt0110363,Timothy Busfield,API II
tt0110363,Luke Edwards,API II
tt0110397,Ken Steadman,API II
tt0110397,Serge Rodnunsky,API II
tt0110397,Cindy Parker,API II
tt0110397,Jennifer Ciesar,API II
tt0110397,Ray Bennett,API II
tt0110397,Jennifer Barker,API II
tt0110660,Clifton Ko,API II
tt0110660,Fan Hui,API II
tt0110660,Woon-Ling Hau,API II
tt0110660,Suk-Yee Chan,API II
tt0110660,James Wong,API II
tt0110660,Sandra Kwan Yue Ng,API II
tt0110660,Francis Ng,API II
tt0110660,Anita Yuen,API II
tt0110660,Tony Ka Fai Leung,API II
tt0111045,ZoltÃ¡n TÃ³th,API II
tt0111045,Zsolt NemÃ©nyi,API II
tt0111045,Zsuzsanna Ujj,API II
tt0111045,MiklÃ³s KonrÃ¡d,API II
tt0111045,Zsolt Unoka,API II
tt0111045,PÃ©ter Reich,API II
tt0111045,MiklÃ³s Haraszti,API II
tt0111045,PÃ©ter NÃ¡dori,API II
tt0111045,Erika MarozsÃ¡n,API II
tt0111045,MiklÃ³s DÃ©ri,API II
tt0111653,Thomas F. Duffy,API II
tt0111653,Billy Daydoge,API II
tt0111653,Bud Davis,API II
tt0111653,Ryan Cutrona,API II
tt0111653,Melinda Culea,API II
tt0111653,Douglas Carlson,API II
tt0111653,John Candy,API II
tt0111653,Jill Boyd,API II
tt0111653,Abraham Benrubi,API II
tt0111653,Joe Bays,API II
tt0113541,James Rae,API II
tt0113541,MÃ©lany Goudreau,API II
tt0113541,Peter Aykroyd,API II
tt0113541,Malcolm McDowell,API II
tt0113541,Jeoffrey Graves,API II
tt0113541,Billy Coyle,API II
tt0113541,Justin Borntraeger,API II
tt0113541,Christopher Olscamp,API II
tt0113541,Maggie Castle,API II
tt0113541,Johnny Morina,API II
tt0113790,Benjamin Barge,API II
tt0113790,Andreja Schneider,API II
tt0113790,JÃ¼rgen Vogel,API II
tt0113790,Jasmin Tabatabai,API II
tt0113790,Dani Levy,API II
tt0113841,Zora Kerova,API II
tt0113841,Antonello Morroni,API II
tt0113841,Alex Partexano,API II
tt0113841,Victor Cavallo,API II
tt0113841,Salvatore Puntillo,API II
tt0113841,Michele Gammino,API II
tt0113841,Luigi Petrucci,API II
tt0113841,Tamara DonÃ ,API II
tt0113841,Barbara D'Urso,API II
tt0113841,Renato Pozzetto,API II
tt0113865,Travis Kyle Davis,API II
tt0113865,Phallon Carpino,API II
tt0113865,Bernard Arene,API II
tt0113865,Vinnie Sciullo,API II
tt0113865,Scott Fisher,API II
tt0113865,Jim Walton,API II
tt0113865,Shelley Winters,API II
tt0113865,Kelly Preston,API II
tt0113865,Bruce Dern,API II
tt0113865,Diane Ladd,API II
tt0113971,Bronislaw Pawlik,API II
tt0113971,Agnieszka Wagner,API II
tt0113971,Piotr Machalica,API II
tt0113971,Wojciech Wysocki,API II
tt0113971,Krzysztof Kowalewski,API II
tt0113971,Jerzy Bonczak,API II
tt0113971,Henryk Bista,API II
tt0113971,Ewa Blaszczyk,API II
tt0113971,Marek Kondrat,API II
tt0113971,Cezary Pazura,API II
tt0113986,Alexa PenaVega,API II
tt0113986,Ashley Johnson,API II
tt0113986,Joey Simmrin,API II
tt0113986,Mia Cottet,API II
tt0113986,Robin Williams,API II
tt0113986,Jeff Goldblum,API II
tt0113986,Joan Cusack,API II
tt0113986,Tom Arnold,API II
tt0113986,Julianne Moore,API II
tt0113986,Hugh Grant,API II
tt0114054,Natalya Rassiyeva,API II
tt0114054,Ivan Ryzhov,API II
tt0114054,Gennadiy Nazarov,API II
tt0114054,Olga Mashnaya,API II
tt0114054,Galina Petrova,API II
tt0114054,Stanislav Govorukhin,API II
tt0114054,Leonid Yarmolnik,API II
tt0114054,Oleg Basilashvili,API II
tt0114054,Polina Kutepova,API II
tt0114054,Kirill Pirogov,API II
tt0114113,Angela Lanza,API II
tt0114113,Ellen Cleghorne,API II
tt0114113,Diego Wallraff,API II
tt0114113,Ranjit Chowdhry,API II
tt0114113,Celia Cruz,API II
tt0114113,Trini Alvarado,API II
tt0114113,Chazz Palminteri,API II
tt0114113,Anjelica Huston,API II
tt0114113,Alfred Molina,API II
tt0114113,Marisa Tomei,API II
tt0115621,Audrey Suzette,API II
tt0115621,Kwai Kam Lau,API II
tt0115621,Quyen Hua,API II
tt0116268,Guillaume Garrouste,API II
tt0116268,Idwig StÃ©phane,API II
tt0116268,Ticky Holgado,API II
tt0116268,Dominique Blanc,API II
tt0116268,Pierre Arditi,API II
tt0116290,Chia-Yu Cheng,API II
tt0116290,You-Chi Chen,API II
tt0116290,Wei-min Chen,API II
tt0116290,Kuang-Chien Chen,API II
tt0116290,Yung-Hui Chang,API II
tt0116290,Jui-chu Chang,API II
tt0116290,Alec Su,API II
tt0116290,Athena Chu,API II
tt0116290,Takeshi Kaneshiro,API II
tt0116325,Claudette Chua,API II
tt0116325,Bruce Poon,API II
tt0116325,Julian Pulvermacher,API II
tt0116325,Toby Chan,API II
tt0116325,Toby Wong,API II
tt0116325,Fung-Sing Lee,API II
tt0116325,Edwin Pang,API II
tt0116325,Anthony Brandon Wong,API II
tt0116325,Annie Yip,API II
tt0116325,Annette Shun Wah,API II
tt0116770,Daniel Edwards,API II
tt0116770,David Dale,API II
tt0116770,Michael Cule,API II
tt0116770,Doug Bradley,API II
tt0116770,Alicia Borrachero,API II
tt0116770,Robert Englund,API II
tt0116770,Mabel Karr,API II
tt0116770,Mapi GalÃ¡n,API II
tt0116770,Jason Durr,API II
tt0116770,Melinda Clarke,API II
tt0116857,Ludmila Loben,API II
tt0116857,Yehuda Lazarovitch,API II
tt0116857,Ezra Kafri,API II
tt0116857,Yochanan Harison,API II
tt0116857,Liat Glick,API II
tt0116857,Amnon Fisher,API II
tt0116857,Pavel Citronal,API II
tt0116857,Carmel Betto,API II
tt0116857,Fitcho Ben-Zur,API II
tt0116857,Giora Asaulov,API II
tt0116959,Daniela Marzavan,API II
tt0116959,Ileana Sandulescu,API II
tt0116959,Ion Haiduc,API II
tt0116959,Eugen Cristian Motriuc,API II
tt0116959,Eileen T'Kaye,API II
tt0116959,Godfrey James,API II
tt0116959,David Brooks,API II
tt0116959,Saxon Trainor,API II
tt0116959,Kevin Wixted,API II
tt0116959,Jamie RenÃ©e Smith,API II
tt0120002,Ante Mikkel Gaup,API II
tt0120002,Witold Daniec,API II
tt0120002,MercÃ©desz DinnyÃ©s,API II
tt0120002,Tomas NorstrÃ¶m,API II
tt0120002,Per Graffman,API II
tt0120002,Mi Ridell,API II
tt0120002,Sanna BrÃ¥ding,API II
tt0120002,Sanna Ekman,API II
tt0120002,Ing-Marie Carlsson,API II
tt0120002,Bertram Heribertson,API II
tt0120151,Sheridan Samples,API II
tt0120151,Marianne Muellerleile,API II
tt0120151,France Nuyen,API II
tt0120151,Donald Moffat,API II
tt0120151,Christopher McDonald,API II
tt0120151,Jill Hennessy,API II
tt0120151,Jay Thomas,API II
tt0120151,Joan Cusack,API II
tt0120151,Lauren Holly,API II
tt0120151,Greg Kinnear,API II
tt0120209,Heather Morgan,API II
tt0120209,Eric Mondrovich,API II
tt0120209,Jim Jackman,API II
tt0120209,Robert Hutchinson,API II
tt0120209,Tom Wilson,API II
tt0120209,Fred Willard,API II
tt0120209,Stephen Root,API II
tt0120209,John Mendoza,API II
tt0120209,Kristian Alfonso,API II
tt0120209,Steve Oedekerk,API II
tt0120266,Konimba Diarra,API II
tt0120266,Chaka Diarra,API II
tt0120266,Nana DiabatÃ©,API II
tt0120266,Sidy Diabate,API II
tt0120266,Bako Dagnon,API II
tt0120266,Fanta Coulibary,API II
tt0120266,Kani Coulibaly,API II
tt0120266,Yamadou CissÃ©,API II
tt0120266,Oumu BerthÃ©,API II
tt0120266,Fanta Berete,API II
tt0120270,Dale Wilson,API II
tt0120270,Dave Ward,API II
tt0120270,Drew Reichelt,API II
tt0120270,Doug Parker,API II
tt0120270,Maxine Miller,API II
tt0120270,John Miller,API II
tt0120270,Julie Faye,API II
tt0120270,Paul Dobson,API II
tt0120270,Kathleen Barr,API II
tt0120317,Megan Cavanagh,API II
tt0120317,John Ratzenberger,API II
tt0120317,Dyan Cannon,API II
tt0120317,Bess Armstrong,API II
tt0120317,Michael McKean,API II
tt0120317,Peter Boyle,API II
tt0120317,George Dzundza,API II
tt0120317,Dean Jones,API II
tt0120317,Doug E. Doug,API II
tt0120317,Christina Ricci,API II
tt0120394,Mary Allen,API II
tt0120394,Di Botcher,API II
tt0120394,Rachel Scorgie,API II
tt0120394,Huw Ceredig,API II
tt0120394,Ronnie Williams,API II
tt0120394,Buddug Williams,API II
tt0120394,Dougray Scott,API II
tt0120394,Dorien Thomas,API II
tt0120394,Rhys Ifans,API II
tt0120394,Llyr Ifans,API II
tt0120489,Jaecki Schwarz,API II
tt0120489,Alfred Kleinheinz,API II
tt0120489,Bruno Cathomas,API II
tt0120489,Jaschka LÃ¤mmert,API II
tt0120489,Frank Dommel,API II
tt0120489,Chin Meyer,API II
tt0120489,Sophie Rois,API II
tt0120489,Barbara Auer,API II
tt0120489,Uwe Ochsenknecht,API II
tt0150167,Chris De Socio,API II
tt0150167,Buddy Daniels Friedman,API II
tt0150167,Raphelle Hink,API II
tt0150167,Jim Rainey,API II
tt0150167,Ernest Kearney,API II
tt0150167,Tyrone Dubose,API II
tt0150167,Luella Hill,API II
tt0150167,Luke Vitale,API II
tt0150167,Verda Bridges,API II
tt0150167,Dani Leon,API II
tt0150434,Blas Roca-Rey,API II
tt0150434,Piero Natoli,API II
tt0150434,Gigio Alberti,API II
tt0150434,Stefano Abbati,API II
tt0150434,Mauro Marino,API II
tt0150434,Enrico Silvestrin,API II
tt0150434,Ginevra Colonna,API II
tt0150434,Claudio Santamaria,API II
tt0150434,Barbora Bobulova,API II
tt0150434,Giorgio Pasotti,API II
tt0150574,Tessa Blake,API II
tt0150574,Chelo Maris,API II
tt0150574,Virginia Keasling,API II
tt0150574,Barbara Tucker,API II
tt0150574,Louise Turner,API II
tt0150574,Joanne Herring,API II
tt0150574,Betty 'Boop' Blake,API II
tt0150574,Sandra Tessman Blake,API II
tt0150574,Muffet Criner Adickes Blake,API II
tt0150574,Thomas Walter Blake Jr.,API II
tt0150727,Catherine Standen,API II
tt0150727,Nick Bagnall,API II
tt0150727,Soo Drouet,API II
tt0150727,ZoÃ« Ashmeade,API II
tt0150727,Monica Dolan,API II
tt0150727,Philip Whitchurch,API II
tt0150727,Crispin Bonham-Carter,API II
tt0150727,Trevor Peacock,API II
tt0150727,Neil Dudgeon,API II
tt0150727,Amanda Burton,API II
tt0150790,Mariola Fuentes,API II
tt0150790,Antonia San Juan,API II
tt0150790,Gracia Olayo,API II
tt0150790,Carmen BalaguÃ©,API II
tt0150790,MarÃ­a AdÃ¡nez,API II
tt0150790,PepÃ³n Nieto,API II
tt0150790,Daniel GuzmÃ¡n,API II
tt0150790,MarÃ­a Pujalte,API II
tt0150790,Loles LeÃ³n,API II
tt0150790,Maria Conchita Alonso,API II
tt0150918,Eva Billisich,API II
tt0150918,Alfred Dorfer,API II
tt0150918,I. Stangl,API II
tt0150918,Herwig SeebÃ¶ck,API II
tt0150918,Lukas Resetarits,API II
tt0150918,Reinhard Nowak,API II
tt0150918,Wolfgang BÃ¶ck,API II
tt0150918,Rudolf Rohaczek,API II
tt0150918,Nina Proll,API II
tt0150918,Roland DÃ¼ringer,API II
tt0150941,Lynn Sain,API II
tt0150941,Grant Richey,API II
tt0150941,Barbara Kingsley,API II
tt0150941,Daniel Alexander Jones,API II
tt0150941,Michelle Hutchison,API II
tt0150941,Emil Herrera,API II
tt0150941,David Fenley,API II
tt0150941,Stephen Sorrentino,API II
tt0150941,Lea DeLaria,API II
tt0150941,Quentin Crisp,API II
tt0186397,FrÃ©dÃ©ric GÃ©lard,API II
tt0186397,FranÃ§ois Caron,API II
tt0186397,Valentine Vidal,API II
tt0186397,Laurent Lucas,API II
tt0186397,Nozha Khouadra,API II
tt0186397,Mireille Roussel,API II
tt0186397,Sergi LÃ³pez,API II
tt0186397,Catherine Frot,API II
tt0186397,Pierre-Loup Rajot,API II
tt0186397,Karin Viard,API II
tt0186726,Lauren Maltby,API II
tt0186726,Gwynyth Walsh,API II
tt0186726,Phillip Rhys Chaudhary,API II
tt0186726,Greg Thirloway,API II
tt0186726,Bob Bancroft,API II
tt0186726,Frederick Coffin,API II
tt0186726,Holly Fulger,API II
tt0186726,Stuart Pankin,API II
tt0186726,Raven-SymonÃ©,API II
tt0186726,Kirsten Storms,API II
tt0187659,Emma Amos,API II
tt0187659,Clare Bullus,API II
tt0187659,Dido Miles,API II
tt0187659,James Weber Brown,API II
tt0187659,Sidney Livingstone,API II
tt0187659,Michael Simkins,API II
tt0187659,Nicholas Sidi,API II
tt0187659,Helen Grace,API II
tt0187659,Georgia Mackenzie,API II
tt0187659,Ben Miller,API II
tt0187819,David O'Brien,API II
tt0187819,Eddie Korbich,API II
tt0187819,Alice Playten,API II
tt0187819,Guy Hadley,API II
tt0187819,Doug Preis,API II
tt0187819,Frank Welker,API II
tt0187819,Constance Shulman,API II
tt0187819,Chris Phillips,API II
tt0187819,Fred Newman,API II
tt0187819,Thomas McHugh,API II
tt0187831,Jaakko KivistÃ¶,API II
tt0187831,Jussi Hietikko,API II
tt0187831,Pena Ahtonen,API II
tt0187831,Saara Heikkinen,API II
tt0187831,Aino LehtimÃ¤ki,API II
tt0187831,Jukka Uhlgren,API II
tt0187831,Oiva Lohtander,API II
tt0187831,Jari Pehkonen,API II
tt0187831,Kati Outinen,API II
tt0187831,Taisto Reimaluoto,API II
tt0187867,Frank Kessler,API II
tt0187867,Rebecca Immanuel,API II
tt0187867,Tina Haseney,API II
tt0187867,Benno FÃ¼rmann,API II
tt0187867,Ercan Durmaz,API II
tt0187867,Michael Brandner,API II
tt0187867,Hark Bohm,API II
tt0187867,Gode Benedix,API II
tt0187867,Reinhard vom Bauer,API II
tt0187867,Mark Aizikovitsch,API II
tt0228239,Sabine Kaack,API II
tt0228239,Anna Maria Ondra,API II
tt0228239,Rainer Sellien,API II
tt0228239,Bernd Stegemann,API II
tt0228239,Carola Regnier,API II
tt0228239,Edgar Selge,API II
tt0228239,Ilja Richter,API II
tt0228239,Claudia Michelsen,API II
tt0228239,JÃ¼rgen Tarrach,API II
tt0228239,Boris Aljinovic,API II
tt0228525,Traci Ann Wolfe,API II
tt0228525,Linda Simmons,API II
tt0228525,Trista Dellyn,API II
tt0228525,Eric McLendon,API II
tt0228525,Michelle Esrick,API II
tt0228525,Francis Dumaurier,API II
tt0228525,John Bogush III,API II
tt0228525,Soupy Sales,API II
tt0228525,Scott Roman,API II
tt0228525,Mia Tyler,API II
tt0228687,Jitka SmutnÃ¡,API II
tt0228687,Arnost Goldflam,API II
tt0228687,Gustav Vondracek,API II
tt0228687,Zdenek KozÃ¡k,API II
tt0228687,Dagmar StrÃ­brnÃ¡,API II
tt0228687,Kristina AdamcovÃ¡,API II
tt0228687,Pavel NovÃ½,API II
tt0228687,Jaroslava KretschmerovÃ¡,API II
tt0228687,Jan Hartl,API II
tt0228687,Veronika ZilkovÃ¡,API II
tt0228720,Eric Kushnick,API II
tt0228720,Megan Austin Oberle,API II
tt0228720,Brooke Winn,API II
tt0228720,Ted Garcia,API II
tt0228720,Steve White,API II
tt0228720,Rance Howard,API II
tt0228720,Lou Ferrigno,API II
tt0228720,Shirley Jones,API II
tt0228720,Clint Howard,API II
tt0228720,Judge Reinhold,API II
tt0229022,Lorella Cravotta,API II
tt0229022,Corinne VauvillÃ©,API II
tt0229022,Ged Marlon,API II
tt0229022,Pascal ElbÃ©,API II
tt0229022,Thibault de Montalembert,API II
tt0229022,Emmanuelle Devos,API II
tt0229022,Camille de Casabianca,API II
tt0229022,Daniel PrÃ©vost,API II
tt0229022,MichÃ¨le Bernier,API II
tt0229022,DieudonnÃ©,API II
tt0229475,AndrÃ© Dupon,API II
tt0229475,Tony Gaultier,API II
tt0229475,Nicky Marbot,API II
tt0229475,Christian Bouillette,API II
tt0229475,Julie Debazac,API II
tt0229475,AndrÃ©e Damant,API II
tt0229475,Laurent Natrella,API II
tt0229475,SÃ©bastien Thiery,API II
tt0229475,Dominique Guillo,API II
tt0229475,Daniel PrÃ©vost,API II
tt0230041,John Tamari,API II
tt0230041,Jimmy Briscoe,API II
tt0230041,Joe Gieb,API II
tt0230041,Jerry Maren,API II
tt0230041,Brett Clancy,API II
tt0230041,Marjorie Wellin,API II
tt0230041,Barry Borofsky,API II
tt0230041,Dorian Soracco,API II
tt0230041,Phil Fondacaro,API II
tt0230041,Verne Troyer,API II
tt0230056,Arrin Stoner,API II
tt0230056,Steve Meyer,API II
tt0230056,Jeffrey Sanford,API II
tt0230056,Vincent C. Rimbaud,API II
tt0230056,Stacie Dekker,API II
tt0230056,Mark Bate,API II
tt0271020,Seth Buchwald,API II
tt0271020,Jefferson Breland,API II
tt0271020,Mark Birch,API II
tt0271020,Spelman M. Beaubrun,API II
tt0271020,Jillian Stacom,API II
tt0271020,Lynn Cohen,API II
tt0271020,Ethan Hawke,API II
tt0271020,Carla Gugino,API II
tt0271020,Frank Whaley,API II
tt0271271,Thomas M. Wright,API II
tt0271271,John Getz,API II
tt0271271,Stuart Pankin,API II
tt0271271,Holly Fulger,API II
tt0271271,Phillip Rhys Chaudhary,API II
tt0271271,Robert Curtis Brown,API II
tt0271271,Susan Brady,API II
tt0271271,Lauren Maltby,API II
tt0271271,Shadia Simmons,API II
tt0271271,Kirsten Storms,API II
tt0271461,Dina Morrone,API II
tt0271461,Beau Holden,API II
tt0271461,Angus T. Jones,API II
tt0271461,Holliston Coleman,API II
tt0271461,Jake Fritz,API II
tt0271461,Taylor Emerson,API II
tt0271461,Toni Collette,API II
tt0271461,Greg Kinnear,API II
tt0271461,Andie MacDowell,API II
tt0271461,Dennis Quaid,API II
tt0271538,Jonathan Rhys Meyers,API II
tt0271538,Richard Coyle,API II
tt0271538,Paddy Considine,API II
tt0271538,Rachel Rice,API II
tt0271538,Vicki Randall,API II
tt0271538,John Henshaw,API II
tt0271538,Sioned Jones,API II
tt0271538,Robert Pugh,API II
tt0271538,Emmy Rossum,API II
tt0271538,Philip Howe,API II
tt0272018,Jazmn,API II
tt0272018,Robert Costanzo,API II
tt0272018,Melody Garrett,API II
tt0272018,Alexandra Wentworth,API II
tt0272018,Frankie Faison,API II
tt0272018,Taylor Negron,API II
tt0272018,Victor Garber,API II
tt0272018,Brian Stokes Mitchell,API II
tt0272018,Nigel Hawthorne,API II
tt0272018,Whoopi Goldberg,API II
tt0272093,Yahia DikÃ¨s,API II
tt0272093,Yoann Sover,API II
tt0272093,Micheline Presle,API II
tt0272093,Laure Duthilleul,API II
tt0272093,Jean-Claude Dauphin,API II
tt0272093,Aurore ClÃ©ment,API II
tt0272093,Thibaut Boidin,API II
tt0272093,ValÃ©rie Donzelli,API II
tt0272093,Laetitia Coti,API II
tt0272093,FranÃ§ois BerlÃ©and,API II
tt0272676,Maria Beck,API II
tt0272676,Gary Combs,API II
tt0272676,J.G. Hertzler,API II
tt0272676,Wendy Braun,API II
tt0272735,Gurbachan Singh,API II
tt0272735,Razak Khan,API II
tt0272735,Dinesh Hingoo,API II
tt0272735,Mushtaq Khan,API II
tt0272735,Tiku Talsania,API II
tt0272735,Priyanka Upendra,API II
tt0272735,Suman Ranganath,API II
tt0272735,Arshad Warsi,API II
tt0272735,Naseeruddin Shah,API II
tt0272735,Rekha,API II
tt0273300,Murielle Arden,API II
tt0273300,Hippolyte Girardot,API II
tt0273300,Natalia Verbeke,API II
tt0273300,Isiah Whitlock Jr.,API II
tt0273300,Leisa Heintzelman,API II
tt0273300,Arthur Anderson,API II
tt0273300,Amy Sedaris,API II
tt0273300,Alan Gryfe,API II
tt0273300,Raul A. Reyes,API II
tt0273300,Tunde Adebimpe,API II
tt0303781,Fred Stillkrauth,API II
tt0303781,Karlheinz Hackl,API II
tt0303781,Doris Schade,API II
tt0303781,August SchmÃ¶lzer,API II
tt0303781,Margret VÃ¶lker,API II
tt0303781,Hansa Czypionka,API II
tt0303781,Steffen Groth,API II
tt0303781,Markus KnÃ¼fken,API II
tt0303781,Veronica Ferres,API II
tt0303781,Bobby Brederlow,API II
tt0304008,Wayne Thorpe,API II
tt0304008,Hope Stevenson,API II
tt0304008,Renata Hinrichs,API II
tt0304008,Deanna Destito,API II
tt0304008,Chuck Worthington,API II
tt0304008,Ethan Aronoff,API II
tt0304008,Stephen Heskett,API II
tt0304008,Christi Pedigo,API II
tt0304008,Stephanie Paul,API II
tt0304458,Geoff Stults,API II
tt0304458,Tava Smiley,API II
tt0304458,Jennifer Morrison,API II
tt0304458,Robert Berson,API II
tt0304657,Peter Bause,API II
tt0304657,Christel Peters,API II
tt0304657,Saskia Valencia,API II
tt0304657,Thorsten Wolf,API II
tt0304657,Michael Brandner,API II
tt0304657,Gunter Berger,API II
tt0304657,Jaecki Schwarz,API II
tt0304657,Christina Plate,API II
tt0304657,Wolfgang Stumph,API II
tt0304669,Art LaFleur,API II
tt0304669,Danielle Woodman,API II
tt0304669,Liliana Mumy,API II
tt0304669,Spencer Breslin,API II
tt0304669,Wendy Crewson,API II
tt0304669,Judge Reinhold,API II
tt0304669,Eric Lloyd,API II
tt0304669,David Krumholtz,API II
tt0304669,Elizabeth Mitchell,API II
tt0304669,Tim Allen,API II
tt0304678,Diane Scapa,API II
tt0304678,Francis Selleck,API II
tt0304678,Elisabete Piecho,API II
tt0304678,Yves Osmu,API II
tt0304678,Bart Binnema,API II
tt0304678,Dominique Colladant,API II
tt0304678,Ashley Wanninger,API II
tt0304678,Roxane Mesquida,API II
tt0304678,GrÃ©goire Colin,API II
tt0304678,Anne Parillaud,API II
tt0304707,Keyla Wood,API II
tt0304707,Graham Norton,API II
tt0305578,Cenzo Franz,API II
tt0305578,Nicolay Weller,API II
tt0305578,Sunny Iser,API II
tt0305578,Branko Tomovic,API II
tt0340737,Katie Merritt,API II
tt0340737,Allison Krizner,API II
tt0340737,D.C. Douglas,API II
tt0340737,Michael Medico,API II
tt0340737,John Burton Willson,API II
tt0340737,Norma Michaels,API II
tt0340737,Hayden Adams,API II
tt0340737,Adrienne Alitowski,API II
tt0341216,Harald Burmeister,API II
tt0341216,Christian Glockzin,API II
tt0341216,Hans-Peter Korff,API II
tt0341216,Alana Bock,API II
tt0341216,Martin Brambach,API II
tt0341216,Anna Bertheau,API II
tt0341216,Theresa Berlage,API II
tt0341216,Pierre Besson,API II
tt0341216,Marie BÃ¤umer,API II
tt0341216,Simon Schwarz,API II
tt0341326,Michel Mpambara,API II
tt0341326,Dominique Mercure-Cyr,API II
tt0341326,Mariloup Wolfe,API II
tt0341326,DorothÃ©e Berryman,API II
tt0341326,Gaston Lepage,API II
tt0341372,Adriana Altaras,API II
tt0341372,Veronika Nowag-Jones,API II
tt0341372,Michael Chinyamurindi,API II
tt0341372,Anthony Okungbowa,API II
tt0341372,Burt Kwouk,API II
tt0341372,Sotigui KouyatÃ©,API II
tt0341372,Udo Kier,API II
tt0341372,Predrag 'Miki' Manojlovic,API II
tt0341372,Masumeh Makhija,API II
tt0341372,Valeriy Nikolaev,API II
tt0341376,Mitchell Butel,API II
tt0341376,Richard Carter,API II
tt0341376,Luke Pegler,API II
tt0341376,David Field,API II
tt0341376,David Roberts,API II
tt0341376,Gary Sweet,API II
tt0341376,Freya Stafford,API II
tt0341376,Timothy Spall,API II
tt0341376,David Wenham,API II
tt0341376,Sam Worthington,API II
tt0341540,Curt Doussett,API II
tt0341540,Big Budah,API II
tt0341540,Maren Ord,API II
tt0341540,Michael Birkeland,API II
tt0341540,Merrill Dodge,API II
tt0341540,Tracy Ann Evans,API II
tt0341540,Britani Bateman,API II
tt0341540,Will Swenson,API II
tt0341540,Daryn Tufts,API II
tt0341540,Kirby Heyborne,API II
tt0341598,Madeleine Wade,API II
tt0341598,T.D. Mitchell,API II
tt0341598,Robert Miano,API II
tt0341598,Tess Harper,API II
tt0341598,Carlos GÃ³mez,API II
tt0341598,Jack Coleman,API II
tt0341598,Alimi Ballard,API II
tt0341598,Matthew John Armstrong,API II
tt0341598,Jay Acovone,API II
tt0342776,Lewis Dauber,API II
tt0342776,Tucker Smallwood,API II
tt0342776,Megan Ward,API II
tt0342776,Kristoffer Ryan Winters,API II
tt0343524,Edith Scob,API II
tt0343524,Jacques Denis,API II
tt0343524,FÃ©odor Atkine,API II
tt0343524,Rufus,API II
tt0343524,Laurent Malet,API II
tt0343524,Christian Vadim,API II
tt0343524,Jean-FranÃ§ois Balmer,API II
tt0343524,Jean-Luc Bideau,API II
tt0343524,Elsa Zylberstein,API II
tt0343524,Bernard Giraudeau,API II
tt0383717,Chris Saunderson,API II
tt0383717,Terri Sanderson,API II
tt0383717,Daniel MacIvor,API II
tt0383717,Marcella Grimaux,API II
tt0383717,Paul Gross,API II
tt0383717,Sandra Oh,API II
tt0383717,Rebecca Jenkins,API II
tt0383717,Elliot Page,API II
tt0383717,Callum Keith Rennie,API II
tt0383717,James Allodi,API II
tt0383846,Boris Komnenic,API II
tt0383846,Mladen Andrejevic,API II
tt0383846,Miodrag Fisekovic,API II
tt0383846,Lazar Strugar,API II
tt0383846,Nikola Vujovic,API II
tt0383846,Gordan Kicic,API II
tt0383846,Boris Milivojevic,API II
tt0383846,Nebojsa Glogovac,API II
tt0383846,Marija Karan,API II
tt0383846,Sergej Trifunovic,API II
tt0384037,Len Doncheff,API II
tt0384037,Kee Chan,API II
tt0384037,Peter Benson,API II
tt0384037,Barry Watson,API II
tt0384037,Marnie Alton,API II
tt0384037,Jonathan Cherry,API II
tt0384037,Dave Thomas,API II
tt0384037,Monika Schnarre,API II
tt0384037,Jennifer Tilly,API II
tt0384037,Marla Sokoloff,API II
tt0384504,Nathanel Geng,API II
tt0384504,Brian Yang,API II
tt0384504,David Shih,API II
tt0384504,Ato Essandoh,API II
tt0384504,Jessica Hecht,API II
tt0384504,Guang Lan Koh,API II
tt0384504,Jin Wang,API II
tt0384504,Lynn Chen,API II
tt0384504,Joan Chen,API II
tt0384504,Michelle Krusiec,API II
tt0384576,HÃ¼lya Duyar,API II
tt0384576,Laura Maire,API II
tt0384576,Martin Glade,API II
tt0384576,Meray Ãœlgen,API II
tt0384576,Sevgi Ã–zdamar,API II
tt0384576,Jenny Ostermann,API II
tt0384576,Meral Perin,API II
tt0384576,Hilmi SÃ¶zer,API II
tt0384576,Marie Zielcke,API II
tt0384576,Denis Moschitto,API II
tt0385013,David Parker,API II
tt0385013,Allison Warnyca,API II
tt0385013,Leah Cairns,API II
tt0385013,Lauren Lee Smith,API II
tt0385013,Nicole Oliver,API II
tt0385013,Paige Jones,API II
tt0385013,Mark L. Walberg,API II
tt0385013,Emma Caulfield Ford,API II
tt0385013,Bradley Cooper,API II
tt0385013,Jason Priestley,API II
tt0385511,Ho Lim,API II
tt0385511,So-hee Hong,API II
tt0385511,Lee Eung-kyung,API II
tt0385511,Min-seo Chae,API II
tt0385511,Yoo Seung-ho,API II
tt0385511,Jeong Woong-in,API II
tt0385534,Steven Lo,API II
tt0385534,Paul Adelstein,API II
tt0385534,Joss Whedon,API II
tt0385534,Natalie Avakian,API II
tt0385534,Rachelle Carson-Begley,API II
tt0385534,Karri V. Bowman,API II
tt0385534,Gannon Brousseau,API II
tt0385534,Tom Lenk,API II
tt0385534,Elisa Donovan,API II
tt0385534,Emma Caulfield Ford,API II
tt0424187,Anna Thalbach,API II
tt0424187,Evelyn Meyka,API II
tt0424187,Herbert Olschok,API II
tt0424187,Oliver Bootz,API II
tt0424187,Pierre Besson,API II
tt0424187,Michael Lott,API II
tt0424187,Christel Peters,API II
tt0424187,Oliver Korittke,API II
tt0424187,Gerit Kling,API II
tt0424187,Anja Kling,API II
tt0424999,Leslie Zemeckis,API II
tt0424999,Peter Facinelli,API II
tt0424999,Christopher Lloyd,API II
tt0425202,Kerry Stacey,API II
tt0425202,Lars GÃ¤rtner,API II
tt0425202,Wieslawa Wesolowska,API II
tt0425202,Valeria Risi,API II
tt0425202,Piet Fuchs,API II
tt0425202,Bernhard Marsch,API II
tt0425202,Ivan Shvedoff,API II
tt0425202,Katharina Schmalenberg,API II
tt0425202,Wotan Wilke MÃ¶hring,API II
tt0425202,Heike Makatsch,API II
tt0425333,Celal Belgil,API II
tt0425333,Sermiyan Midyat,API II
tt0425333,Levent Ãœnsal,API II
tt0425333,Sahnaz Ã‡akiralp,API II
tt0425333,Erol GÃ¼naydin,API II
tt0425333,Zeki Alasya,API II
tt0425333,BÃ¼lent Kayabas,API II
tt0425333,Ali Ã‡atalbas,API II
tt0425333,Rasim Ã–ztekin,API II
tt0425333,Ferhan Sensoy,API II
tt0425426,AyÃ§a Tekindor,API II
tt0425426,Alev Gezer,API II
tt0425426,Fethi Kantarci,API II
tt0425426,Necmi Yapici,API II
tt0425426,Rasim Ã–ztekin,API II
tt0425426,Ilkay Saran,API II
tt0425426,Zeki Alasya,API II
tt0425426,Asuman Dabak,API II
tt0425426,Ferhan Sensoy,API II
tt0426452,Jan Brown,API II
tt0426452,Amy Brackel,API II
tt0426452,Kori Boan,API II
tt0426452,Warren Black,API II
tt0426452,Jennifer Bascom,API II
tt0426452,Mike Barnitt,API II
tt0426452,Katie Ball,API II
tt0426452,Larry Anderson,API II
tt0426452,Jack Amos,API II
tt0426452,Ben Affan,API II
tt0426459,Judah Friedlander,API II
tt0426459,Jason Mewes,API II
tt0426459,Eileen Ryan,API II
tt0426459,Henry Rollins,API II
tt0426459,Josh Zuckerman,API II
tt0426459,Diane Ayala Goldner,API II
tt0426459,Hannah Bernall,API II
tt0426459,Chauntae Davies,API II
tt0426459,Balthazar Getty,API II
tt0426459,Duane Whitaker,API II
tt0426615,Kevin Hart,API II
tt0426615,Chris Tardio,API II
tt0426615,Geoff Stults,API II
tt0426615,Anthony Fazio,API II
tt0426615,Matt Gerald,API II
tt0426615,Robert Davi,API II
tt0426615,Robert Costanzo,API II
tt0426615,Emmanuelle Chriqui,API II
tt0426615,Chazz Palminteri,API II
tt0426615,Usher,API II
tt0469519,Anne Dudek,API II
tt0469519,Maulik Pancholy,API II
tt0469519,Trent Ford,API II
tt0469519,Hakan Kizilocak,API II
tt0469519,Izabella Miko,API II
tt0469519,David Fenner,API II
tt0469519,Ian Shelley,API II
tt0469519,Vincent Riverside,API II
tt0469519,Tank,API II
tt0469519,Dagney Kerr,API II
tt0469754,Jean-Marc Barr,API II
tt0469754,Louise Mieritz,API II
tt0469754,Casper Christensen,API II
tt0469754,Mia Lyhne,API II
tt0469754,Henrik Prip,API II
tt0469754,Iben Hjejle,API II
tt0469754,Benedikt Erlingsson,API II
tt0469754,FriÃ°rik ÃžÃ³r FriÃ°riksson,API II
tt0469754,Peter Gantzler,API II
tt0469754,Jens Albinus,API II
tt0469911,Dora Bryan,API II
tt0469911,Anthony Booth,API II
tt0470079,JirÃ­ Helekal,API II
tt0470079,Petr CtvrtnÃ­cek,API II
tt0470079,Jirina JirÃ¡skovÃ¡,API II
tt0470079,Pavla TomicovÃ¡,API II
tt0470079,Jan AntonÃ­n Duchoslav,API II
tt0470079,Oldrich NavrÃ¡til,API II
tt0470079,Veronika FreimanovÃ¡,API II
tt0470079,Milan Steindler,API II
tt0470079,JirÃ­ MÃ¡dl,API II
tt0470079,Vojtech Kotek,API II
tt0470082,Francesco Guzzo,API II
tt0470082,Roberto D'Addario,API II
tt0470082,Nicola Acunzo,API II
tt0470082,Tiziano Scarpa,API II
tt0470082,Claudio Bigagli,API II
tt0470082,Moran Atias,API II
tt0470082,Fulvio Falzarano,API II
tt0470082,Alessandro Haber,API II
tt0470082,Giorgio Pasotti,API II
tt0470082,Michele Placido,API II
tt0470382,Pavel Tesar,API II
tt0470382,Adam Ciroh,API II
tt0470382,Jakub Prachar,API II
tt0470382,Radim Kalvoda,API II
tt0470382,Lucie JurickovÃ¡,API II
tt0470382,Miroslav Vladyka,API II
tt0470382,Nada KonvalinkovÃ¡,API II
tt0470382,Svatopluk Skopal,API II
tt0470382,Sasa Rasilov,API II
tt0470382,Jitka JezkovÃ¡,API II
tt0470732,Dominick Dunne,API II
tt0470732,James Rebhorn,API II
tt0470732,Nick Rolfe,API II
tt0470732,Marilyn Torres,API II
tt0470732,Monique Gabriela Curnen,API II
tt0470732,Chris Bauer,API II
tt0470732,Don Harvey,API II
tt0470732,Peter Asher,API II
tt0470732,Ralph Fiennes,API II
tt0470732,Susan Sarandon,API II
tt0472074,Dreya Weber,API II
tt0472074,Troy Ruptash,API II
tt0472482,Megumi SatÃ´,API II
tt0472482,Masataka Fujishige,API II
tt0472482,Tadahiro Aoki,API II
tt0472482,Kazuki Iio,API II
tt0472482,Ryo Fukawa,API II
tt0472482,Red Yoshida,API II
tt0472482,Golgo Matsumoto,API II
tt0472482,Kazuki Ã”take,API II
tt0472482,Masakazu Mimura,API II
tt0472482,Teruyoshi Uchimura,API II
tt0472485,Jack Kissell,API II
tt0472485,Natasha Ivanova,API II
tt0472520,Silvia Annichiarico,API II
tt0472520,Sabrina Ferilli,API II
tt0472520,Anna Maria Barbera,API II
tt0472520,Nino Frassica,API II
tt0472520,Tony Sperandeo,API II
tt0472520,Luigi Maria Burruano,API II
tt0472520,Ugo Conti,API II
tt0472520,Mauro Di Francesco,API II
tt0472520,Carlo Buccirosso,API II
tt0472520,Diego Abatantuono,API II
tt0472615,Sally McDonald,API II
tt0472615,Sarah Walker,API II
tt0472615,Lois Ramsey,API II
tt0472615,Lachy Hulme,API II
tt0472615,Sally Phillips,API II
tt0472615,Gary Eck,API II
tt0472615,Wayne Hope,API II
tt0472615,Bob Franklin,API II
tt0472615,Mick Molloy,API II
tt0472615,Glenn Robbins,API II
tt0472618,Anthony Ferraro,API II
tt0473050,Carlos Alazraqui,API II
tt0473050,Daran Norris,API II
tt0473050,Susanne Blakeslee,API II
tt0473050,Frank Welker,API II
tt0473050,Crystal Scales,API II
tt0473050,Carolyn Lawrence,API II
tt0473050,Jeffrey Garcia,API II
tt0473050,Rob Paulsen,API II
tt0473050,Tara Strong,API II
tt0473050,Debi Derryberry,API II
tt0473474,YÃ»saku Yara,API II
tt0473474,Kiyoshi Kobayashi,API II
tt0473474,Mika Kanai,API II
tt0473474,Takanobu Hozumi,API II
tt0473474,Rikako Aikawa,API II
tt0473474,Kazuya Tatekabe,API II
tt0473474,Kaneta Kimotsuki,API II
tt0473474,Michiko Nomura,API II
tt0473474,Noriko Ohara,API II
tt0473474,Nobuyo Ã”yama,API II
tt0474949,Wanvisa Nakatae,API II
tt0474949,Arthittiya 'Mint' Dithiiphen,API II
tt0474949,Rungrawee Barijindakul,API II
tt0474949,Piphat Apiraktanakorn,API II
tt0474949,Nuntawat Arsirapojcharnakul,API II
tt0474949,Sorapong Chatree,API II
tt0475404,Ron Halder,API II
tt0475404,Vincent Gale,API II
tt0475404,Peter Strauss,API II
tt0475404,Lindsay Sloane,API II
tt0475404,James Marsters,API II
tt0475404,Wendie Malick,API II
tt0475404,Patsy Kensit,API II
tt0475404,John Hawkes,API II
tt0475404,Jason Gedrick,API II
tt0475404,Roger Daltrey,API II
tt0475600,Danny Wolohan,API II
tt0475600,Julie Ross,API II
tt0475945,Criss Angel,API II
tt0475946,Criss Angel,API II
tt0478821,GÃ©rard Meylan,API II
tt0478821,Pierre-Alain de Garrigues,API II
tt0480768,Maurizio Muraro,API II
tt0480768,Nino Surguladze,API II
tt0480768,Barbara Frittoli,API II
tt0480768,Sonia Ganassi,API II
tt0480768,Antonello Ceron,API II
tt0480768,Giorgio Giuseppini,API II
tt0480768,Tomislav Muzek,API II
tt0480768,Giuseppe Filianoti,API II
tt0480768,Erwin Schrott,API II
tt0480768,Ildar Abdrazakov,API II
tt0480969,Zein Oduro,API II
tt0480969,Tope Obasa,API II
tt0480969,Joseph Ewohime,API II
tt0480969,Leo Asemota,API II
tt0480969,Stacey Amankwah,API II
tt0481001,Colin Stuart,API II
tt0481001,John K. Roberts,API II
tt0481001,Alan Reade,API II
tt0481001,Sabah Hassan,API II
tt0481001,Richard A. Goodman,API II
tt0481001,Felecia Faulkner,API II
tt0481001,Clody Cates,API II
tt0481001,Gabriel Carter,API II
tt0481001,Lea Bender,API II
tt0481001,Sylvi Alli,API II
tt0481302,Stathis Voutos,API II
tt0481302,Stavros Mavridis,API II
tt0481302,Stefanos Damatos,API II
tt0795403,Caitlin Wehrle,API II
tt0795403,Damon Lipari,API II
tt0795403,Amber Brooke,API II
tt0795403,Jennifer Tilly,API II
tt0795403,Morgan Fairchild,API II
tt0795403,Ben Ziff,API II
tt0795403,Tessa Thompson,API II
tt0795403,JoAnna Garcia Swisher,API II
tt0795403,Summer Glau,API II
tt0795403,Mika Boorem,API II
tt0808409,Christopher Carroll,API II
tt0808409,ItatÃ­ Cantoral,API II
tt0808409,Marco Calderon,API II
tt0808409,Karen Black,API II
tt0808409,Ed Begley Jr.,API II
tt0808409,Raul Barcelo,API II
tt0808409,Pedro ArmendÃ¡riz Jr.,API II
tt0808409,VÃ­ctor Hugo Arana,API II
tt0808409,Adrian Alonso,API II
tt0808409,Sophie Alexander-Katz,API II
tt0808425,Christian NÃ¤the,API II
tt0808425,Martin Glade,API II
tt0808425,Lisa Maria Potthoff,API II
tt0808425,Dieter Landuris,API II
tt0808425,Leonie Brill,API II
tt0808425,Elke Winkens,API II
tt0808425,Michael Gwisdek,API II
tt0808425,Karoline Herfurth,API II
tt0808425,Tom Schilling,API II
tt0808425,Benno FÃ¼rmann,API II
tt0808472,Tilde FrÃ¶ling,API II
tt0808472,Pontus GÃ¥rdinger,API II
tt0809951,Jana PlodkovÃ¡,API II
tt0809951,Vera TichÃ¡nkovÃ¡,API II
tt0809951,Miroslav TÃ¡borskÃ½,API II
tt0809951,Nela BoudovÃ¡,API II
tt0809951,Jan Budar,API II
tt0809951,JirÃ­ MachÃ¡cek,API II
tt0809951,Tatiana DykovÃ¡,API II
tt0809951,Pavel LandovskÃ½,API II
tt0809951,Daniela KolÃ¡rovÃ¡,API II
tt0809951,Zdenek SverÃ¡k,API II
tt0810082,Rodrigo Salinas,API II
tt0810082,MarÃ­a Cristina PeÃ±a y Lillo,API II
tt0810082,Alejandra Vega,API II
tt0810082,Eugenio Morales,API II
tt0810082,Mariana DerderiÃ¡n,API II
tt0810082,Patricio Diaz,API II
tt0810082,Manuela Martelli,API II
tt0810082,Javiera DÃ­az de ValdÃ©s,API II
tt0810082,NicolÃ¡s Saavedra,API II
tt0810082,Diego MuÃ±oz,API II
tt0810099,Dan Renton Skinner,API II
tt0810099,Miranda Hart,API II
tt0810099,Jordan Long,API II
tt0810099,Justin Edwards,API II
tt0810099,Kevin Eldon,API II
tt0810099,Kris Marshall,API II
tt0810099,Patrick Baladi,API II
tt0810099,Stewart Wright,API II
tt0810099,Mackenzie Crook,API II
tt0810099,Jonathan Ryland,API II
tt0810868,Simone Hanselmann,API II
tt0810868,Irshad Panjatan,API II
tt0810868,Ralf Knicker,API II
tt0810868,Robert Viktor Minich,API II
tt0810868,Andreas Brandt,API II
tt0810868,Tom Jahn,API II
tt0810868,Gregor BloÃ©b,API II
tt0810868,Milan Peschel,API II
tt0810868,Elsa Sophie Gambard,API II
tt0810868,Moritz Bleibtreu,API II
tt0811106,Edmund Genest,API II
tt0811106,Raisy Pereyra,API II
tt0811106,Ali Marsh,API II
tt0811106,Mather Zickel,API II
tt0811106,Todd Holoubek,API II
tt0811106,Ken Marino,API II
tt0811106,Winona Ryder,API II
tt0811106,Jon Hamm,API II
tt0811106,Adam Brody,API II
tt0811106,Paul Rudd,API II
tt0969322,Stoyan Mladenov,API II
tt0969322,Boris Pankin,API II
tt0969322,Miroslav Emilov,API II
tt0969322,Brad Beyer,API II
tt0969322,John Ashton,API II
tt0969322,Billy Lush,API II
tt0969322,Julia Rose,API II
tt0969322,Sean Mahon,API II
tt0969322,Wes Ramsey,API II
tt0969322,Joe Penny,API II
tt10021688,Emily Buckner,API II
tt10021688,Aaron Matthew Atkisson,API II
tt10021688,Bethany Hazelitt,API II
tt10021688,Dan Kieri,API II
tt10021688,Amber Techel,API II
tt10021688,Jimmie Chiappelli,API II
tt10021688,Tennille Taraszkiewicz,API II
tt10021688,Alexandra Kaplan,API II
tt10021688,Kayden Bryce,API II
tt10021688,Haley Heslip,API II
tt10021716,Nelson Ritthaler,API II
tt10021716,Jessica DeMarco,API II
tt10022384,Rosie Cooper,API II
tt10022384,Molly Carter,API II
tt10022384,Lee Byford,API II
tt10022384,Jasmine Blackborow,API II
tt10022384,Iris Bjork,API II
tt10022384,Louise Bangay,API II
tt10022384,David Bamber,API II
tt10022384,Rachel Allinson,API II
tt10022384,Emma Catherine Rigby,API II
tt10061802,Lesley McKinnell,API II
tt10061802,Rob Keller,API II
tt10061802,Kevin Yee,API II
tt10070746,Tyrone Patrick,API II
tt10070746,Peejay Encina,API II
tt10070746,Kekoa Cantwell,API II
tt10070746,Spencer Bailey,API II
tt10071408,Sunny S. Walia,API II
tt10071408,Leila Rozario,API II
tt10071408,Jacob Machin,API II
tt10071408,Sara Jani,API II
tt10071408,Amelia Halmarick,API II
tt10071408,Steve Durber,API II
tt10071408,Timna De Silva,API II
tt10100940,Jevonnah Mayo,API II
tt10100940,Stephanie Jolicoeur,API II
tt10100940,Hailey Elizabeth,API II
tt10100940,Jamie Ann Burke,API II
tt10100940,Marija Juliette Abney,API II
tt10324122,Elodie Yung,API II
tt10324122,Greg Bryk,API II
tt10324122,Sam Page,API II
tt10324122,Ashley Liao,API II
tt10324122,Faly Rakotohavana,API II
tt10324122,Noah Lomax,API II
tt10324122,Olivia Deeble,API II
tt10324122,Isabella Blake-Thomas,API II
tt10324122,Niles Fitch,API II
tt10324122,Peyton Elizabeth Lee,API II
tt10324166,Amy Sedaris,API II
tt10324166,Sol Miranda,API II
tt10324166,Sara Chase,API II
tt10324166,Lauren Adams,API II
tt10324166,Daniel Radcliffe,API II
tt10324166,Jon Hamm,API II
tt10324166,Jane Krakowski,API II
tt10324166,Carol Kane,API II
tt10324166,Tituss Burgess,API II
tt10324166,Ellie Kemper,API II
tt10326882,Denis Michallet,API II
tt10326882,Michael Zgatni,API II
tt10326882,Thomas Arensen,API II
tt10326882,Ndongo Faye,API II
tt10326882,Jean-Jacques Yebouet,API II
tt10326882,Grace Hendy,API II
tt10326882,Joshua Samuels,API II
tt10326882,Paul Higginson,API II
tt10326882,Victoria Malinjod,API II
tt10326882,Shamir Dawood,API II
tt11107978,Cedric L. Williams,API II
tt11107978,Skye Whitaker,API II
tt11107978,Normandy Vamos,API II
tt11107978,T.J. Troy,API II
tt11107978,Daisy Hamilton Risher,API II
tt11107978,Derek Petropolis,API II
tt11107978,Nick Hudson Murdoch,API II
tt11107978,Justine Huxley,API II
tt11107978,Carrie Jo Crosby,API II
tt11116656,Tetta Sugimoto,API II
tt11116656,Risa Sudou,API II
tt11116656,Yuki SasÃ´,API II
tt11116656,Sumie Sasaki,API II
tt11116656,Kuranosuke Sasaki,API II
tt11116656,Atsuko Sakurai,API II
tt11116656,Misako Renbutsu,API II
tt11116656,Rika Izumi,API II
tt11116656,Kurumi Inagaki,API II
tt11116656,Tatsuomi Hamada,API II
tt11123316,NÃºria Prims,API II
tt11123316,ÃÃ±igo MartÃ­nez,API II
tt11123316,NÃºria Lloansi,API II
tt11123316,Diego Gurpegui,API II
tt11123316,Gonzalo Cunill,API II
tt11124092,Rikke Rosa Eklander Nielsen,API II
tt11124092,Selmarose Rasmussen,API II
tt11124092,Amalie Hansen,API II
tt11124092,Tristan Mrukot,API II
tt11124092,Celine Mortensen,API II
tt11124092,Susan Hovgaard MÃ¸ller,API II
tt11124092,Anders Bircow,API II
tt11124092,Maja Osmani,API II
tt11124092,Mads Haslund,API II
tt11125620,Wallace Shawn,API II
tt11125620,Bill Hader,API II
tt11125620,Conrad Vernon,API II
tt11125620,Bette Midler,API II
tt11125620,Snoop Dogg,API II
tt11125620,Nick Kroll,API II
tt11125620,Javon 'Wanna' Walton,API II
tt11125620,ChloÃ« Grace Moretz,API II
tt11125620,Charlize Theron,API II
tt11125620,Oscar Isaac,API II
tt11128480,Tim Klumpers,API II
tt11128480,Romaissa Badrising,API II
tt11128480,Gwen Albers,API II
tt11128480,Mounir Aboulasri,API II
tt11131816,Seneca Robinson,API II
tt11131816,Destiny Diamond McNeill,API II
tt11131816,Bryan Kennedy,API II
tt11131816,Jarvis Garvin,API II
tt11131816,Cindi Davis,API II
tt11131816,Amethyst Davis,API II
tt11131816,Ahnna Beruk,API II
tt11132688,Amy Lombardi,API II
tt11132688,Elsa LangnÃ¤se,API II
tt11132688,Reiner Krausz,API II
tt11132688,Timon Kiefer,API II
tt11132688,Regula Imboden,API II
tt11132688,Lou Haltinner,API II
tt11132688,Saladin Dellers,API II
tt11132688,Alice Britschgi,API II
tt11132688,Gottfried Breitfuss,API II
tt11132688,Nadim Ben,API II
tt11135944,Lee Francis Copp,API II
tt11135944,Sharon Wymark,API II
tt11135944,Agnieszka Wieclawska,API II
tt11135944,Carole Le Clanche,API II
tt11135944,Pete Nata,API II
tt11135944,Gunce Ates,API II
tt11135944,Denis Michallet,API II
tt11135944,Nicholas Pople,API II
tt11135944,Tarik Badwan,API II
tt1185834,Matthew Wood,API II
tt1185834,Catherine Taber,API II
tt1185834,Corey Burton,API II
tt1185834,Ian Abercrombie,API II
tt1185834,Nika Futterman,API II
tt1185834,Tom Kane,API II
tt1185834,Dee Bradley Baker,API II
tt1185834,James Arnold Taylor,API II
tt1185834,Ashley Eckstein,API II
tt1185834,Matt Lanter,API II
tt12141548,Sin datos,API II
tt12215220,Roger GariÃ©py,API II
tt12215220,Colette Brossoit,API II
tt1222817,Jackie Sandler,API II
tt1222817,Nick Bakay,API II
tt1222817,Steffiana De La Cruz,API II
tt1222817,Nat Faxon,API II
tt1222817,Joe Rogan,API II
tt1222817,Donnie Wahlberg,API II
tt1222817,Ken Jeong,API II
tt1222817,Leslie Bibb,API II
tt1222817,Rosario Dawson,API II
tt1222817,Kevin James,API II
tt12306262,Christina Lovett,API II
tt12306262,Melissa Lograsso,API II
tt12306262,Patrick Lawrey,API II
tt12306262,Craig Kucken,API II
tt12306262,Elise Halbert,API II
tt12306262,Jacob Godzak,API II
tt12306262,Christi Dumar,API II
tt12306262,Kim Croes,API II
tt12306262,Sylvia Brikho,API II
tt12306262,Ron Baratono,API II
tt12321038,Ege Ã‡inar,API II
tt12321038,Murat Taskent,API II
tt12321038,Necip Memili,API II
tt12321038,GÃ¼rsu GÃ¼r,API II
tt12321038,GÃ¶kÃ§er GenÃ§,API II
tt12321038,Ã–zgÃ¼r Biber,API II
tt1235170,Clement von Franckenstein,API II
tt1235170,Kathleen Gati,API II
tt1235170,Ella,API II
tt1235170,Mary Passeri,API II
tt1235170,Angela Trimbur,API II
tt1235170,Joe Putterlik,API II
tt1235170,Isabella Acres,API II
tt1235170,David Warshofsky,API II
tt1235170,Miranda July,API II
tt1235170,Hamish Linklater,API II
tt12572368,Sin datos,API II
tt12592338,Jenn Repp,API II
tt12592338,Morgan LeBlanc,API II
tt12592338,Braydon Langford,API II
tt12592338,George Lorimer,API II
tt12592338,Martin Cochingco,API II
tt12592338,D. Adam Jamieson,API II
tt12592338,Wesley Sellick,API II
tt12592338,Rekha Kapadia,API II
tt12592338,Evie Marsten,API II
tt12592338,Jaime Hill,API II
tt12592680,Anshuman Jha,API II
tt12592680,Rajshri Deshpande,API II
tt12592680,Sapna Bhavnani,API II
tt12619898,Pequina Walker,API II
tt12619898,Lucy South,API II
tt12619898,Alyssa Dufren,API II
tt12619898,Lorraine Etchell,API II
tt12619898,Shanda Renee,API II
tt12619898,Jenna Ciralli,API II
tt12619898,Travis Mills,API II
tt12619898,Elley Ringo,API II
tt12619898,John Marrs,API II
tt12619898,Cat Roberts,API II
tt12625756,Sajin,API II
tt12625756,Sajin Gopu,API II
tt12625756,Surjith,API II
tt12625756,Lukman Avaran,API II
tt12625756,Hariprashanth,API II
tt12625756,Jaffer Idukki,API II
tt12625756,Soubin Shahir,API II
tt12625756,Joju George,API II
tt12625756,Vinay Forrt,API II
tt12625756,Chemban Vinod Jose,API II
tt1322910,Sergio Cuevas,API II
tt1322910,Karla Blanco,API II
tt1322910,Guadalupe Balderas,API II
tt1322910,Rodrigo Angoitia,API II
tt1322910,Cristian Carballido,API II
tt1322910,Susana SaldaÃ±a,API II
tt1322910,MartÃ­n Zapata,API II
tt1322910,Ana Layevska,API II
tt1322910,Arcelia RamÃ­rez,API II
tt1323925,Dan Styles,API II
tt1323925,Max Bracey,API II
tt1323925,Matthew Cunningham,API II
tt1323925,Chris Dingli,API II
tt1323925,Jason Perino,API II
tt1323925,Gareth Brough,API II
tt1323925,Rita Ramnani,API II
tt1323925,Patrick O'Connor,API II
tt1323925,Arin Alldridge,API II
tt1323925,Adrian Webster,API II
tt1324057,Doctor Tangalanga,API II
tt1324057,Luciana Condito,API II
tt1324057,SofÃ­a Gala Castiglione,API II
tt1324057,Divina Gloria,API II
tt1324057,Jorge SesÃ¡n,API II
tt1326218,Domiziano Arcangeli,API II
tt1326218,Maria Jenkins,API II
tt1326218,Warren Bryson,API II
tt1326218,Brad Barnes,API II
tt1326218,James Johnson,API II
tt1326218,Steven Nieport,API II
tt1326218,Elizabeth Holmes,API II
tt1326218,Suthi Picotte,API II
tt1326218,Carolyn Hauck,API II
tt1326957,Helen Proimos,API II
tt1326957,Melanie McCarthy,API II
tt1326957,Alessandra Manfro,API II
tt1326957,Carl Li,API II
tt1326957,Kathryn Kates,API II
tt1326957,Brandon Hannan,API II
tt1326957,Joyce Feurring,API II
tt1326957,Robert Farrior,API II
tt1326957,Francis Dumaurier,API II
tt1326957,Maya Batash,API II
tt1326972,Baasanjav Mijid,API II
tt1326972,Yong You,API II
tt1326972,ShidÃ´ Nakamura,API II
tt1326972,Chi-Ling Lin,API II
tt1326972,Jun Hu,API II
tt1326972,Wei Zhao,API II
tt1326972,Chang Chen,API II
tt1326972,Fengyi Zhang,API II
tt1326972,Takeshi Kaneshiro,API II
tt1326972,Tony Leung Chiu-wai,API II
tt13316790,Peter Perski,API II
tt13316790,Torkel Petersson,API II
tt13316790,Christian Wennberg,API II
tt13316790,Leif AndrÃ©e,API II
tt13316790,Chatarina Larsson,API II
tt13316790,Kelly Flogell,API II
tt13316790,Rakel WÃ¤rmlÃ¤nder,API II
tt13316790,Ulf Stenberg,API II
tt13316790,Fredrik Hallgren,API II
tt13316790,Katia Winter,API II
tt13320622,Joan Pringle,API II
tt13320622,Stephen Lang,API II
tt13320622,Bowen Yang,API II
tt13320622,Patti Harrison,API II
tt13320622,Oscar NuÃ±ez,API II
tt13320622,Brad Pitt,API II
tt13320622,Da'Vine Joy Randolph,API II
tt13320622,Daniel Radcliffe,API II
tt13320622,Channing Tatum,API II
tt13320622,Sandra Bullock,API II
tt13320662,Yanna McIntosh,API II
tt13320662,Chris D'Silva,API II
tt13320662,India de Beaufort,API II
tt13320662,Weruche Opia,API II
tt13320662,Antonio Raine Pastore,API II
tt13320662,Cameron Nicoll,API II
tt13320662,Kyle Chandler,API II
tt13320662,Chris O'Dowd,API II
tt13320662,Marlow Barkley,API II
tt13320662,Jason Momoa,API II
tt13320706,Vincent Alexander Puentes,API II
tt13320706,Armani Ace Fuentes,API II
tt13320706,Vince Maritato,API II
tt13320706,C.J. Gelfand,API II
tt13320706,Charles Casano,API II
tt13320706,Bill Weeden,API II
tt13320706,Jason Furlani,API II
tt13320706,Estelle Bajou,API II
tt13320706,Karen Giordano,API II
tt13320706,Robert Funaro,API II
tt13322796,AnaÃ¯s HÃ©brard,API II
tt13322796,StÃ©phane Gaston,API II
tt13322796,Dominique Pinon,API II
tt13322796,ValÃ©rie Mairesse,API II
tt13322796,Patrick Bouchitey,API II
tt13322796,Claire Nadeau,API II
tt13322796,AdÃ¨le Lebon,API II
tt13322796,Jules Sitruk,API II
tt13322796,Philippe Rebbot,API II
tt13322796,CÃ©line Mauge,API II
tt13328854,Youssef Svennas,API II
tt13328854,Ylermi Rajamaa,API II
tt13328854,Minna Rahikka,API II
tt13328854,Lidia PirilÃ¤,API II
tt13328854,Bambu Xavier Locquet,API II
tt13328854,Aarne Lehti,API II
tt13328854,Nino KrÃ¶ger,API II
tt13328854,Hugo Koivulehto,API II
tt13328854,Jaakko Hutchings,API II
tt13328854,Kirsi Enberg,API II
tt13335652,Elsa Romano,API II
tt13335652,Emma Colberti,API II
tt13335652,Philippe Rigot,API II
tt13335652,Bruno Putzulu,API II
tt13335652,FranÃ§oise Nahon,API II
tt13335652,AndrÃ©a FerrÃ©ol,API II
tt13335652,Pascal LÃ©gitimus,API II
tt13335652,Alice Carel,API II
tt13335652,Marc Duret,API II
tt13335652,Pierre Santini,API II
tt13817214,Geena Rose,API II
tt13817214,Jinxy Laroue,API II
tt13820914,Sin datos,API II
tt1438254,Miles Chalmers,API II
tt1438254,Matt Ward,API II
tt1438254,Dave Franco,API II
tt1438254,Ray Liotta,API II
tt1438254,Kim Basinger,API II
tt1438254,Donal Logue,API II
tt1438254,Augustus Prew,API II
tt1438254,Amanda Crew,API II
tt1438254,Charlie Tahan,API II
tt1438254,Zac Efron,API II
tt1439532,Giulia Mazzacurati,API II
tt1439532,Yukai Ebisuno,API II
tt1439532,Lorenzo Tonetto,API II
tt1439532,Maurizio Bazzano,API II
tt1439532,Mirko Rilossi,API II
tt1439532,Paolo Pizzo,API II
tt1439532,Paolo Tonti,API II
tt1439532,Maurizio Corigliano,API II
tt1439532,Suzi Lorraine,API II
tt1439532,Francesco Chinchella,API II
tt1596262,Senn Uijtdehage,API II
tt1596262,Jons Stibbe,API II
tt1596262,Gijs Schoneveld,API II
tt1596262,Matthias Maat,API II
tt1596262,Abbey Hoes,API II
tt1596262,Rian Gerritsen,API II
tt1596262,Arnold Gelderman,API II
tt1596262,Abdullah el Baoudi,API II
tt1596262,Jan Doense,API II
tt1596262,Tom Beljaars,API II
tt1599378,Bae Jung-shik,API II
tt1599378,In-gi Jeong,API II
tt1599378,Seung-eon Hwang,API II
tt1599378,Ha-na Hwang,API II
tt1599378,Yeong-jin Lee,API II
tt1599378,Eun-ji Jo,API II
tt1599378,Daniel Choi,API II
tt1599378,Su-yeon Cha,API II
tt1599378,Yoo-jin Kim,API II
tt1600443,BenoÃ®t Allemane,API II
tt1600443,Didier Nobletz,API II
tt1600443,FrÃ©dÃ©ric Bour,API II
tt1600443,Alice Vial,API II
tt1600765,Dan Benitez,API II
tt1600765,Jason Falcon,API II
tt1600765,Daniel Falcon,API II
tt1600765,Dominque Garcia,API II
tt1600765,Javi Gonzalez,API II
tt1600765,Matt Skinner,API II
tt1600765,Hannah Morgan,API II
tt1600765,Brandon Piskorik,API II
tt1600765,James Garrigan,API II
tt1600765,Aaron Isaac Vasquez,API II
tt1601791,Dharmavarapu Subramanyam,API II
tt1601791,Subbaraya Sarma,API II
tt1601791,Kota Srinivasa Rao,API II
tt1601791,Aahuthi Prasad,API II
tt1601791,Jhansi,API II
tt1601791,Devan,API II
tt1601791,Flora Saini,API II
tt1601791,Vinod Kumar,API II
tt1601791,Chinna,API II
tt1602039,Dennis Poirier,API II
tt1602039,BronweN,API II
tt1602110,Bill Redding,API II
tt1602110,Jack Novak,API II
tt1602110,Callie Munson,API II
tt1602110,Ben Matejka,API II
tt1602110,Angelica Keenan,API II
tt1602110,Ben Dubash,API II
tt1603470,Rachael Lawrence,API II
tt1603470,Christine Lakin,API II
tt1603470,Pam Cook,API II
tt1603470,Brice Beckham,API II
tt1603470,Ric Barbera,API II
tt1603470,Brooke Allison,API II
tt1603470,Leonora Pitts,API II
tt1603807,Sikarin Polyong,API II
tt1603807,Chatchai Plengpanich,API II
tt1603807,Atthaphan Phunsawat,API II
tt1603807,Jessica Pasaphan,API II
tt1603807,Sonthaya Chitmanee,API II
tt1603807,Arak Amornsupasiri,API II
tt1603808,Thanatorn Oudsahakul,API II
tt1603808,Somchat Prachathai,API II
tt1603808,Shiny Khunthong,API II
tt1603808,Chaiyot Tushsanasuwan,API II
tt1603808,Somlek Sakdikul,API II
tt1603808,Pimchanok Luevisadpaibul,API II
tt1603808,Atitaya Shindejanichakul,API II
tt1603808,Wiradit Srimalai,API II
tt1603808,Rattanaballang Tohssawat,API II
tt1603808,Mai Charoenpura,API II
tt1603911,Ryan Lenehan,API II
tt1603911,Melissa Herrst,API II
tt1603911,Harold Frazer,API II
tt1603911,William C. Fox,API II
tt1603911,Linda Crowder,API II
tt1748134,P.J. Megaw,API II
tt1748134,Daniel Mascarello,API II
tt1748134,Melissa McConnell,API II
tt1748134,Liz Christmas,API II
tt1748134,Kurt Skarstedt,API II
tt1748134,Carla Okouchi,API II
tt1748134,Devon Marie Saunders,API II
tt1748134,Cory Okouchi,API II
tt1748134,Daniel Ross,API II
tt1748134,Jay Saunders,API II
tt1748161,Kanz Randhawa,API II
tt1748161,Torro Margens,API II
tt1748161,Yoga Hoebnerj,API II
tt1748161,Fendi Trihartanto,API II
tt1748161,Debby Ayu,API II
tt1748161,Cynthiara Alona,API II
tt1748161,Uli Auliani,API II
tt1748161,Keith Foo,API II
tt1748161,Cathrine Wilson,API II
tt1748288,Sarah Lahbati,API II
tt1748288,Jairus Aquino,API II
tt1748288,Mo Twister,API II
tt1748288,Megan Young,API II
tt1748288,Janus Del Prado,API II
tt1748288,Joem Bascon,API II
tt1748288,Maricar Reyes,API II
tt1748288,Lovi Poe,API II
tt1748288,Iza Calzado,API II
tt1748288,Gabby Concepcion,API II
tt1753402,Andrew Paulsen,API II
tt1753402,Justin Parcher,API II
tt1753402,Stephanie Kiessig,API II
tt1753402,Caleb Hawkins,API II
tt1753402,Damien Gilbert,API II
tt1753402,Jamaal Frap,API II
tt1753402,Shannon Everett,API II
tt1753402,Colin Donnelly,API II
tt1753402,Mike Dohan,API II
tt1753402,Trevor Beaver,API II
tt1753423,Josh Hollister,API II
tt1753423,Joe Flaten,API II
tt1753423,Eva Dorrepaal,API II
tt1753423,Adolph Davis,API II
tt1753423,Kika Child,API II
tt1753423,Joshua Caouette,API II
tt1753423,Carolyn Taylor Bosco,API II
tt1753423,Chandler Frantz,API II
tt1753423,ChloÃ« Sevigny,API II
tt1753484,Rita Soares,API II
tt1753484,JoÃ£o Alves,API II
tt1753518,LuÃ­s Zhang,API II
tt1753518,Adelaide JoÃ£o,API II
tt1753518,Pedro BarÃ£o Dias,API II
tt1753518,Dinarte de Freitas,API II
tt1753598,Gabriel Kubitz,API II
tt1753598,Caroline Huet,API II
tt1753598,Anouk Dutruit,API II
tt1753598,Tina Balthazar,API II
tt1753598,Shaun J. Brown,API II
tt1753598,Pascal Yen-Pfister,API II
tt1753674,Chris Wickens,API II
tt1753727,Raquel Gomez,API II
tt1753727,Carlos Corral,API II
tt1753727,Kaitlin Bartley,API II
tt1753750,Jim Hunter,API II
tt1753750,Halie Hunter,API II
tt1753750,James Lawson,API II
tt1753750,Chris J. Clements,API II
tt1753750,Jessica Hill,API II
tt1753750,Laura Hope,API II
tt1753750,Adrian Daniels,API II
tt1753750,Travis Turner,API II
tt1753750,Meghan Kinsley,API II
tt1753750,Shayan Bayat,API II
tt1754000,Ofer Shechter,API II
tt1754000,Menashe Noy,API II
tt1754000,Yaron Motola,API II
tt1754000,Liat Harlev,API II
tt1754000,Ran Khalil Danker,API II
tt1754000,Henry David,API II
tt1754000,Yael Grobglas,API II
tt1754000,Danny Geva,API II
tt1754000,Ania Bukstein,API II
tt1754000,Lior Ashkenazi,API II
tt1754077,Jenny Savage,API II
tt1754088,Claudio Montelpare,API II
tt1754124,Alexander WÃ¼st,API II
tt1754124,Olivia GrÃ¤ser,API II
tt1754124,Thomas Arnold,API II
tt1754170,Steve Kurtz,API II
tt1754170,Dave Wascavage,API II
tt1754170,Karl Guenther,API II
tt1754170,Art Lyle,API II
tt1754170,Todd Stuckley,API II
tt1754170,Bill McCue,API II
tt1754170,Matt Simberg,API II
tt1754170,Kati Jordan,API II
tt1754170,Damien Colletti,API II
tt1754274,Tracy Shier,API II
tt1754274,Sadie 'Miss Gory' Rae,API II
tt1754274,Sam Mansouri,API II
tt1754274,Daniel Hogg,API II
tt1754274,Josh Hallem,API II
tt1754274,Brad Funnell,API II
tt1754274,Ryan DeLaRonde,API II
tt1754274,Noel Aungier,API II
tt1754348,Jon Manthei,API II
tt1754348,James Arthur Lewis,API II
tt1754348,Dennis Janiske,API II
tt1754348,Virginia Bryant,API II
tt1754348,Ian J.R. Bryant,API II
tt1754599,Allyson Forrister,API II
tt1754599,Kyle Guarco,API II
tt1754599,Erin Cesaro,API II
tt1754599,Jesse Farrenkopf,API II
tt1754599,Taylor Gilman,API II
tt1754599,Sheri Lynn,API II
tt1754614,Ryan Micheal Killoran,API II
tt1754614,Wyteria Jacobi,API II
tt1754614,Jenna Hellmuth,API II
tt1754614,Miles Berman,API II
tt1754614,Stacy Armstrong,API II
tt1754677,David Schroeder,API II
tt1754677,Michael Andrew Holtz,API II
tt1754677,Meredith Futhey,API II
tt1754677,Barrett Burcham,API II
tt1754726,Phil Stone,API II
tt1754726,Keith R. Robinson,API II
tt1754726,Ellen Robinson,API II
tt1754726,Andreas Lambis,API II
tt1754726,Sean Hayes,API II
tt1754726,Lisa Jane Gregory,API II
tt1754726,Gareth Gower,API II
tt1754726,Lea Garner,API II
tt1754726,Michael Cicchilo,API II
tt1754726,Sinead Bannister,API II
tt1754732,Glen Matthews,API II
tt1754732,Matthew Nette,API II
tt1754732,Jason Grant,API II
tt1754732,Carolyn Skerry,API II
tt1754732,Maddi Clarke,API II
tt1754732,Draven MacDonald,API II
tt1754732,Nicole Elizabeth MacDonald,API II
tt1754732,Zachary MacGregor,API II
tt1754732,James MacDonald,API II
tt1754901,Tiffani Rios,API II
tt1754901,Linda Joy Henry,API II
tt1754901,James Heikkila,API II
tt1754901,Michael Markovina,API II
tt1964988,Ali Asghar Tabasi,API II
tt1964988,Raheleh Mirzai,API II
tt1964988,Amir Reza Pasha,API II
tt1964988,Jamshid Shah Mohammadi,API II
tt1964988,Maedeh Tahmasebi,API II
tt1964988,Niousha Zeighami,API II
tt1964988,Nima Shahrokh Shahi,API II
tt1964988,Ra'na Azadivar,API II
tt1964988,Mohammad Reza Sharifinia,API II
tt1964988,Bita Farahi,API II
tt1984180,Francesco Vitali,API II
tt1984180,Lucas Pavetto,API II
tt1984180,Hugo Pavetto,API II
tt1984180,Romina Fascinetti,API II
tt1984180,Andrea Falcioni,API II
tt1984180,Matteo Carsetti,API II
tt1984180,Cinzia Bambozzi,API II
tt1995281,Reyna Young,API II
tt1995281,Dylan Walshe,API II
tt1995281,Shauna Tacket,API II
tt1995281,Adam Richardson,API II
tt1995281,Azelyn Failor,API II
tt1999851,Callie Catastrophe,API II
tt1999851,Joshua D. Bowers,API II
tt1999851,Morgen Beninghoff,API II
tt1999851,Patrick Bedont,API II
tt1999851,Chad Hammitt,API II
tt1999851,Melanie Stone,API II
tt1999851,Jake Hursh,API II
tt1999851,Greg Wainwright,API II
tt1999851,Aleesha Asper,API II
tt1999858,James Pearcey,API II
tt1999858,Carlos Badosa,API II
tt1999858,Evrim Ersoy,API II
tt1999858,Jacob Edwards,API II
tt1999858,Mitesh Parmar,API II
tt1999858,Russell Would,API II
tt1999858,Norman J. Warren,API II
tt1999895,David McClelland,API II
tt1999895,Benjamin O'Mahony,API II
tt1999895,Gemma Giddings,API II
tt1999969,Lorena Zitelli,API II
tt1999969,Kristel Janni Larsen,API II
tt1999969,Per Knudsen,API II
tt2000410,Sin datos,API II
tt2000433,Ã˜yvind Ã˜vrebÃ¸,API II
tt2000433,Erik Nogva,API II
tt2000433,Andreas Sverre,API II
tt2000433,Harald S. KrÃ¦mer,API II
tt2000433,Kristian Serigstad Jensen,API II
tt2004153,Amanda Holcomb,API II
tt2004153,Donald Meyers,API II
tt2004153,Shawn Wolowicz,API II
tt2004153,Julie James,API II
tt2004153,Chatt Graham,API II
tt2004260,Quinn Gilly,API II
tt2004260,Ian Gilly,API II
tt2004284,Ben Barton,API II
tt2004284,Jennifer Harris,API II
tt2004426,Peter Haytread,API II
tt2004426,Alexandra Mai,API II
tt2005190,Eden Ruffell-Kennett,API II
tt2005190,Flora Keenan,API II
tt2005190,Harry Miller,API II
tt2005190,Ella Park,API II
tt2005190,Evie Park,API II
tt2005190,Finlay White,API II
tt2005190,Charlie Wood,API II
tt2005190,Max Morgan,API II
tt2005190,Elliot Bell,API II
tt2005190,Lucia Coppola,API II
tt2005193,Frank Maier,API II
tt2005193,Maja Krochmat,API II
tt2005220,Lukas Trimonis,API II
tt2005220,Caterina Boselli,API II
tt2005221,Randy Manning,API II
tt2005221,Daniel Irwin,API II
tt2005221,Keegan Darr,API II
tt2005221,Joe Hammerstone,API II
tt2005221,Mari Roman,API II
tt2005221,Sarah Hitzel,API II
tt2005221,Mike Geiger,API II
tt2005221,Aleh Neliubin,API II
tt2005372,Bill Lee Lanndis,API II
tt2005372,Eric Mache,API II
tt2005372,Sophia Robbins,API II
tt2005372,Lindsey Ireland,API II
tt2006093,Carissa Lund,API II
tt2006093,Lisa Howard,API II
tt2006093,Nathan Brandon Gaik,API II
tt2006093,Tyler Foehr,API II
tt2006093,Catherine Flynn,API II
tt2006093,Steve Christopher,API II
tt2006093,Melissa Chirello-Wood,API II
tt2006093,Heather Chilson,API II
tt2006093,Bryan Brogan,API II
tt2006093,Rito Balducci,API II
tt2006297,Francesca D'Introno,API II
tt2006297,Andrea D'Andreagiovanni,API II
tt2006297,Luigi D'Andrea,API II
tt2006297,DesirÃ©e Cozzolino,API II
tt2006297,Paolo Corridore,API II
tt2006297,Matteo Colombo,API II
tt2006297,Rocco Ciarmoli,API II
tt2006297,Francesca Ceccarelli,API II
tt2006297,Marianna Antonelli,API II
tt2006297,Marta Altinier,API II
tt2007420,Kate Heckman,API II
tt2007420,John Gholson,API II
tt2007420,Sam Eidson,API II
tt2008636,Jessica Amal Rice,API II
tt2008636,Melissa Rohloff,API II
tt2008636,Sydnee Oshiro,API II
tt2008636,Joseph Fontano,API II
tt2008636,James Rollyson,API II
tt2011113,Elidan Arzoni,API II
tt2016844,Wanda Kosmo,API II
tt2016844,SÃ­lvia Gless,API II
tt2016844,Felipe,API II
tt2016844,Eucir de Souza,API II
tt2025513,Wyatt Wakeman,API II
tt2025513,Jessica Edan Harris Silverstein,API II
tt2025513,Christopher Jones,API II
tt2035624,Roger Robinson,API II
tt2035624,Emma Robinson,API II
tt2035624,Louis Raynes,API II
tt2035624,Simon Meacock,API II
tt2041503,Maksim Tikhonov,API II
tt2041503,Aleksey Svetlichny,API II
tt2041503,Artur Nalivkin,API II
tt2041503,Vladimir Kuryshov,API II
tt2041503,Ivan Dmitriev,API II
tt2041503,Dmitri Belecky,API II
tt2041503,Dmitri Achkasov,API II
tt2043811,Sin datos,API II
tt2047925,Emily Wilson,API II
tt2047925,Jordan Trevino,API II
tt2047925,Rae Boone,API II
tt2047925,Liz Morris,API II
tt2047925,Dan Weschler,API II
tt2047925,Mike Weitzman,API II
tt2047925,Josh Frisch,API II
tt2057385,Evangeline Weckbacher,API II
tt2057385,Cristina Trevino,API II
tt2057385,Annette Perez,API II
tt2057385,Jesse Castellanos,API II
tt2057385,Jerry Carter,API II
tt2069978,Wayne Philips,API II
tt2069978,Paul T.T. Easter,API II
tt2069978,Aaron Cone,API II
tt2072977,Michael Anthony Scardillo,API II
tt2072977,Ralph Rehor,API II
tt2072977,David McDonald,API II
tt2072977,Shelle Gray,API II
tt2072977,Ryan Gilbert,API II
tt2072977,Melissa Finley,API II
tt2072977,Paul M. Field,API II
tt2072977,Paul O'Callaghan,API II
tt2075080,Thomas Lee Rutter,API II
tt2075080,Corina Harper,API II
tt2076140,Gemma Salusbury,API II
tt2076140,Becky Richmond,API II
tt2076140,Sarah Clarke,API II
tt2076140,Joshua Arden,API II
tt2079488,Goran Manic,API II
tt2079488,Nina Jakus,API II
tt2079488,Ivica Gunjaca,API II
tt2079488,Goran Dimic,API II
tt2079488,Danijel Cerne,API II
tt2082492,Sin datos,API II
tt2088807,Vladimir Zavrl,API II
tt2088807,Jozica Zavrl,API II
tt2089839,Erin Hamilton,API II
tt2089839,Ari Azimi,API II
tt2090607,Amanda Yabo,API II
tt2090607,Kari Walker,API II
tt2090607,Johny Walker,API II
tt2090607,Josh Sellers,API II
tt2090607,Jennifer Pence,API II
tt2090607,Brian Matlock,API II
tt2090607,Carol Hamilton,API II
tt2090607,Lance Detrick,API II
tt2090607,Garret Demmon,API II
tt2090607,Filthy Cheese,API II
tt2091432,Cole Sanchez,API II
tt2091432,Andres Salaff,API II
tt2095626,Fleezy Walker,API II
tt2095626,Glenn Browder,API II
tt2109121,Barbara Vera,API II
tt2109121,Perdida,API II
tt2109121,PeÃ±a Pablo Lang,API II
tt2109121,Adriana Diaz,API II
tt2109121,Hija de Perra,API II
tt2110395,Nadja Mayahuel,API II
tt2110395,Idalia Mathilde,API II
tt2110395,Paulina LÃ³pez,API II
tt2110395,Alejandra Alcaraz,API II
tt2110395,Celesthe Luna,API II
tt2110395,Santiago Ortiz-Monasterio,API II
tt2110395,Noe CarreÃ±o,API II
tt2110395,Daniel Peraldi,API II
tt2110395,Carlos DueÃ±as,API II
tt2110395,Ireri Mejia,API II
tt2111297,Eun-yong Yang,API II
tt2111297,Lee Sung-min,API II
tt2111297,Hyun-bin Ruy,API II
tt2111297,Hae-yeon Kil,API II
tt2111297,Choi Jung-woo,API II
tt2111297,Hyeong-gook Im,API II
tt2111297,Hae-yoen Gil,API II
tt2115308,Katt Morrison,API II
tt2115308,Philip Baker,API II
tt2115308,Drake Pharaoh,API II
tt2115308,Ginger Cash,API II
tt2115308,Roxy,API II
tt2115308,Gwen Foxxx,API II
tt2115308,Aiden Starr,API II
tt2115308,Zoe Matthews,API II
tt2122322,Brad Riegel,API II
tt2122322,Saxon Murrell,API II
tt2122322,Jonathan Miles,API II
tt2122322,J.J. Marrs,API II
tt2122322,Alex Justinger,API II
tt2122322,Diann Gogerty,API II
tt2122322,Mary Anne Garrett,API II
tt2122322,Bernadette Chapman,API II
tt2122322,Sonny Backus,API II
tt2130074,Toma Roche,API II
tt2130074,Emilie Ricard,API II
tt2130074,Antoine Rabasco,API II
tt2130074,Patrick Mimoun,API II
tt2130074,Marine Matthieu,API II
tt2130074,Olivier Luginbuhl,API II
tt2130074,Moha Elachi,API II
tt2130074,Romain Bisseret,API II
tt2130074,Catherine Beraud,API II
tt2132311,Sin datos,API II
tt2132495,Christopher Paul Watts,API II
tt2132495,Lewis O'Connor,API II
tt2132495,Wayne Kamans,API II
tt2132495,Jon Dyer,API II
tt2132495,Rhodri Davies,API II
tt2148815,Anni Tosh,API II
tt2148815,Rose Thea Jordan,API II
tt2148815,Ali Hassan,API II
tt2150812,Ratchawat Khlipngern,API II
tt2150812,Adul Dulyarat,API II
tt2150812,Pharujee Kemsawad,API II
tt2150812,Sun Khumpirannon,API II
tt2150812,Ananda Everingham,API II
tt2150812,Mai Charoenpura,API II
tt2151052,Andrew Patrick Ralston,API II
tt2151052,Amelia Jackson-Gray,API II
tt2151052,Jill E. Alexander,API II
tt2151887,Melissa Pompeo,API II
tt2151887,Tom Needham,API II
tt2151887,Philip Mitchell,API II
tt2151887,Anthony Littlechild,API II
tt2151887,Damien Harrison,API II
tt2151887,Rene Diaz,API II
tt2151887,Norm Coleman,API II
tt2151887,Andrew Camilleri,API II
tt2151887,Stephen Callaghan,API II
tt2151887,Brendan Bacon,API II
tt2153885,Laura O'Brien,API II
tt2153885,Drew Henriksen,API II
tt2166141,Shannon Slinker,API II
tt2166141,Brandy Jenkins,API II
tt2166141,Angela Davis,API II
tt2166261,Audi Resendez,API II
tt2166261,Matt Horwath,API II
tt2174552,Elsa Mace,API II
tt2174552,Mercedes Grower,API II
tt2174552,Keith Francis,API II
tt2174552,Anna Fiertag,API II
tt2174552,Simon Meacock,API II
tt2174552,Mark Fleischmann,API II
tt2176045,Therese Wiklander,API II
tt2176045,Gisela RitzÃ©n,API II
tt2176045,Cristian Opazo,API II
tt2176045,Jennie Molvig,API II
tt2176045,Joakim Lundgren,API II
tt2176045,Sara Johansson,API II
tt2176045,HÃ¥kan Bengtsson,API II
tt2176045,Hans Belfrage,API II
tt2176045,Erik Belfrage,API II
tt2177562,Brian Capeloto,API II
tt2177562,Erika Silvas,API II
tt2177562,Renata Sanjines,API II
tt2177562,Eli Hillis,API II
tt2191664,Blaise Miller,API II
tt2191664,Todd Berger,API II
tt2194491,Rubens Mello,API II
tt2194491,Dimitri Kozma,API II
tt2194491,Elaine Thrash Oliveira,API II
tt2195110,Brita Tschokkinen,API II
tt2195110,Joonas Saartamo,API II
tt2195110,Iina Kuustonen,API II
tt2195110,Ali Eloranta,API II
tt2201141,Maya Vakoulenko,API II
tt2201141,Paolo Di Gialluca,API II
tt2201141,Gabriele Guerra,API II
tt2201141,Adalgisa Vavassori,API II
tt2201141,Stefania Visconti,API II
tt2201141,Silvia Milesi,API II
tt2201141,Mauro Cipriani,API II
tt2201141,Irene Giordano,API II
tt2202371,Juan Jose Lepore,API II
tt2202371,Angela Agrimbau,API II
tt2205539,Jorge Cruz,API II
tt2205539,Francisco Javier NÃºÃ±ez,API II
tt2205539,Juan JosÃ© Torres,API II
tt2205539,El Pirata,API II
tt2205539,Salvador LlÃ³s,API II
tt2205539,Victoria RoldÃ¡n,API II
tt2205539,JosÃ© MarÃ­a Angorrilla,API II
tt2205539,MarÃ­a Castillo,API II
tt2205539,Eva Puerta,API II
tt2205539,AdriÃ¡n Baslino,API II
tt2217816,Stephen Schwartz,API II
tt2217816,Jesse DiSandro,API II
tt2217816,Justin Bronson,API II
tt2217816,Kyle Autrey,API II
tt2217881,Hanna Kornfeld,API II
tt2217881,Marilyn Imes,API II
tt2217881,Judy Cerda,API II
tt2217881,Jim Coulter,API II
tt2217881,Jason Miller,API II
tt2235801,Daniel Farriol,API II
tt2235801,Daniel Guerra,API II
tt2235801,Beatriz DÃ­az,API II
tt2313780,Gregory Niebel,API II
tt2313780,Katy-Ann Thompson,API II
tt2313780,Erin O'Brien,API II
tt2313780,Rachel Alig,API II
tt2313780,Samantha Stewart,API II
tt2313780,Laura Alexandra Ramos,API II
tt2313780,Carl Donelson,API II
tt2313780,Steve Hanks,API II
tt2313780,RubÃ©n Guevara,API II
tt2313780,Sara Malakul Lane,API II
tt2314254,Christina Sprayberry,API II
tt2314254,Steven Saines,API II
tt2314254,Becky Lugovsky,API II
tt2314254,James Cooke,API II
tt2314254,Benjamin Capps,API II
tt2314348,Jesse William Jones-Read,API II
tt2314348,HÃ©lÃ¨ne P. Cloutier,API II
tt2314348,Vlad Stokanic,API II
tt2314348,Florence Cloutier-Patte,API II
tt2314348,Moe Jeudy-Lamour,API II
tt2314348,Josh Bond,API II
tt2314348,Nathaniel Villanueva,API II
tt2314348,Lisandre Bujold,API II
tt2314348,Joseph Wills,API II
tt2314348,Tania Bolduc,API II
tt2315170,Elspeth Weingarten,API II
tt2315170,Vic May,API II
tt2315170,Shan Kelly,API II
tt2315170,Stu Hammill,API II
tt2315170,Stephen Goodman,API II
tt2315170,Diane Chambers,API II
tt2315292,Sin datos,API II
tt2315428,Peter Nitzsche,API II
tt2315428,Thomas Kautenburger,API II
tt2315428,Mica Bara,API II
tt2315792,Amy Davis,API II
tt2315792,Skye Davis,API II
tt2315792,Ben Courtney,API II
tt2315792,Alexandra Garcia,API II
tt2315792,Jacob Sherwood,API II
tt2315792,Toby Mitchell,API II
tt2315792,Vince Mirams,API II
tt2315792,Jannik Archer,API II
tt2315792,Emilia Ufir,API II
tt2315792,Gregory Caine,API II
tt2315864,David Sellicks,API II
tt2315864,Toby Osmond,API II
tt2315864,Elizabeth Nicholson,API II
tt2315864,Juliet Lundholm,API II
tt2315864,Emma Lock,API II
tt2315864,Martin Hancock,API II
tt2315864,Danny De Lillo,API II
tt2315864,Christie Aaria,API II
tt2316418,Rizky Putra,API II
tt2316418,Yadi Sembako,API II
tt2316418,Daus Mini,API II
tt2316418,Olga Syahputra,API II
tt2316418,Jessica Iskandar,API II
tt2316521,Steven LaChance,API II
tt2316521,Michael Kleen,API II
tt2316521,Tanya Kelley,API II
tt2316521,Scott Kelley,API II
tt2316521,Tiffany Smith Johnson,API II
tt2316521,Rick Hayes,API II
tt2316521,Philip Adrian Booth,API II
tt2316521,Christopher Saint Booth,API II
tt2316521,Betsy Bellanger,API II
tt2316521,Keith Age,API II
tt2316550,Yafi Tesa Zahara,API II
tt2316550,Chrissie Vanessa,API II
tt2316550,Reza Pahlevi,API II
tt2316550,Rikas Harsa,API II
tt2316550,Adzwa Aurelline,API II
tt2316550,Niken Anjani,API II
tt2316564,Tata Sivek,API II
tt2316564,Yadi Sembako,API II
tt2316564,Joe Richard,API II
tt2316564,Kartika Putri,API II
tt2316564,Yurike Prastica,API II
tt2316564,Kiki Moh,API II
tt2316564,Nikita Mirzani,API II
tt2316564,Melky Bajaj,API II
tt2316564,Isa Bajaj,API II
tt2316564,Aden Bajaj,API II
tt2316637,Eveline Vroonland,API II
tt2316637,Sander Hemerijckx,API II
tt2316637,Nienke 's Gravemade,API II
tt2317486,Nathan Rumler,API II
tt2317486,Errol Ross,API II
tt2317486,Evan Milka,API II
tt2317486,Jessica McVety,API II
tt2317486,Mike Kammer,API II
tt2317486,Patrick L. Dear,API II
tt2317486,Terence Lee Cover,API II
tt2317486,Lauren Abbott,API II
tt4621366,Chris King,API II
tt4621366,Anthony Haworth,API II
tt4621366,Craig Proudfoot,API II
tt4629450,Anthony Haworth,API II
tt4629450,Craig Proudfoot,API II
tt4631440,Anthony Haworth,API II
tt4631440,Craig Proudfoot,API II
tt4631440,Chris King,API II
tt4636258,Craig Proudfoot,API II
tt4641348,Mj Dixon,API II
tt4641348,Craig Proudfoot,API II
tt4641348,Chris King,API II
tt4666644,Vilgot,API II
tt4666644,Carlund Thomas,API II
tt4666644,Louise Stigell,API II
tt4666644,Gorjan Lausiger,API II
tt4666644,Thomas Carlund,API II
tt4666644,Hans BostrÃ¶m,API II
tt4872678,Charley Rice,API II
tt4903204,Darin Otzel,API II
tt4903204,Seth Henslee-Mason,API II
tt4903204,Shawnda Christiansen,API II
tt4903204,Jason F. Knittle II,API II
tt4903204,Lou Drew,API II
tt4924236,Donato Maglie,API II
tt4924236,Dominic Gotheridge,API II
