nombre_peli_r,Tomatometter,Id
Las Travesuras de Super Chido,Desconocido,tt0320656
Velai Kidaichiruchu,Desconocido,tt0318803
Sor Batalla,Desconocido,tt0320503
Azaad Desh Ke Gulam,Desconocido,tt0330019
Suo ming fei dao,Desconocido,tt0348147
Contreras Gang,88%,tt0349237
Pitong Gamol,Desconocido,tt0349971
Jiang hu ba mian feng,Desconocido,tt0351141
Sarphira,Desconocido,tt0344301
Alyas Lakay,100%,tt0344816
Santo: la leyenda del enmascarado de plata,50%,tt0330855
La sangre de un valiente,Desconocido,tt0334294
Young-guwa gongryong Zzu-Zzu,Desconocido,tt0334765
Que me entierren con la banda,Desconocido,tt0285962
Elaan,Desconocido,tt0290183
Hum Hain Bemisaal,Desconocido,tt0290213
Cesta peklem,Desconocido,tt0277621
Maanthrikam,Desconocido,tt0280889
End of the Line,49%,tt0285543
Lone Tiger,Desconocido,tt0285680
Diljale,Desconocido,tt0286593
Kôshoku kunoichi ninpô-chô: Vâjin sunaipâ - bishôjo yôma-den,Desconocido,tt0288305
Terrain,Desconocido,tt0288841
Daava,Desconocido,tt0289685
Varnapakittu,Desconocido,tt0290098
Kudrat,Desconocido,tt0286772
Achanak,Desconocido,tt0286421
Salaakhen,Desconocido,tt0286936
Angaaray,Desconocido,tt0288427
A Waiter Tomorrow,Desconocido,tt0289611
Ispanska muha,Desconocido,tt0290674
NASCAR Racers: The Movie,Desconocido,tt0278580
Ostatnia misja,17%,tt0281019
Anakiseuteu Anarchists,Desconocido,tt0280427
High Adventure,Desconocido,tt0295989
"Death, Deceit & Destiny Aboard the Orient Express",Desconocido,tt0295925
Kyo Kii... Main Jhuth Nahin Bolta,43%,tt0297241
Virtualna stvarnost,Desconocido,tt0296919
Ravanaprabhu,Desconocido,tt0298514
ReBoot: My Two Bobs,Desconocido,tt0298515
Waah! Tera Kya Kehna,Desconocido,tt0339878
Wolves of Wall Street,Desconocido,tt0339918
Masuuruhiito,Desconocido,tt0340227
Khadgam,Desconocido,tt0339252
Epoch: Evolution,33%,tt0374286
De zaak Alzheimer,84%,tt0374345
Batman: Dead End,Desconocido,tt0374526
Den sorte celle,50%,tt0374228
Dai zek lo,96%,tt0374184
Tere Naam,80%,tt0374271
Shikaar,Desconocido,tt0420175
World's Finest,100%,tt0420324
Camp X-Ray: Ghosts of Guantánamo Bay,74%,tt0418587
"Chot [Aaj Isko, Kal Tereko]",Desconocido,tt0418598
Even If It's Wrong,Desconocido,tt0419736
Tiempo de valientes,87%,tt0462570
Seung ji san tau,Desconocido,tt0934949
The Cutting Edge 3: Chasing the Dream,64%,tt1110626
Heroes,Desconocido,tt1114725
Phoo Action,50%,tt1116185
Bonnie & Clyde vs. Dracula,18%,tt1117379
La hora cero,88%,tt1322302
Ascension 2,98%,tt12731590
Revirements Fatals (V.F. de Deadly Twists),Desconocido,tt12737858
USS Seaviper,10%,tt1274596
The Life Kung-Fu,Desconocido,tt12747740
Looper,Desconocido,tt1276104
Supernatural Swamp Slaughter,Desconocido,tt1277403
Los 3 gallos Michoacanos,Desconocido,tt11294796
Fuck Duissan,100%,tt11372090
Wrony,Desconocido,tt11423922
Under the cage,87%,tt11428282
Ode to the Warriors,Desconocido,tt11447774
"Boonie Bears, to the Rescue!",Desconocido,tt3564806
The Floor Whisper,Desconocido,tt10307720
Metal Gear Solid: A New Divide,Desconocido,tt10305124
Deprivation,Desconocido,tt10080934
Small Gains,Desconocido,tt10955374
Liam: The New Manager,Desconocido,tt10968850
Taanashah,Desconocido,tt10968008
Dagaalty,Desconocido,tt10966832
Tiger Man,Desconocido,tt10972026
Brew,Desconocido,tt10978650
An Awkward Encounter,22%,tt11914358
"Push Comes to Shovel, TX",Desconocido,tt11921924
Ladki: Enter the Girl Dragon,86%,tt11924110
Rewind,Desconocido,tt11924002
Tokyo Revengers,Desconocido,tt11923304
Mashin Sentai Kirameijâ Za Mûbî: Bî-Bappu Dorîmu,Desconocido,tt11928952
The Lost and the Brave,79%,tt14134448
Gaspard et Robinson,Desconocido,tt0099635
Night of the Cyclone,Desconocido,tt0100256
Pokhorony Stalina,Desconocido,tt0100383
Street Hunter,22%,tt0100706
Goodfellas,Desconocido,tt0099685
Murder in Black and White,Desconocido,tt0100207
Le party,82%,tt0100334
18 anni tra una settimana,Desconocido,tt0101250
Aftermath: A Test of Love,83%,tt0101277
Christmas on Division Street,71%,tt0101580
Dead Again,81%,tt0101669
Eyes of a Witness,Desconocido,tt0101843
Gigolo,37%,tt0101952
Krhotine,Desconocido,tt0102236
Lightning Field,Desconocido,tt0102309
Cerro Torre: Schrei aus Stein,Desconocido,tt0102855
Modern Crimes,Desconocido,tt0104900
Final Shot: The Hank Gathers Story,99%,tt0104270
Hamburger Gift,87%,tt0104386
Hoffa,52%,tt0104427
Miss America: Behind the Crown,Desconocido,tt0104883
Modelo antiguo,Desconocido,tt0104899
No Dia dos Meus Anos,Desconocido,tt0105008
Bob Roberts,Desconocido,tt0103850
Il giardino dei ciliegi,Desconocido,tt0104337
La vida conyugal,Desconocido,tt0108487
Fatalna nezhnost,Desconocido,tt0106875
Glädjekällan,Desconocido,tt0107019
The Hour of the Pig,80%,tt0107146
Extreme Justice,31%,tt0106850
Killing Car,11%,tt0106894
Duo ming jie chu,Desconocido,tt0109690
L'enfer,70%,tt0109731
"English, August",Desconocido,tt0109732
The Fence,93%,tt0109795
Le fils préféré,Desconocido,tt0109800
Le fusil de bois,Desconocido,tt0109859
Foreign Student,48%,tt0109828
Frihetsligan,Desconocido,tt0109848
Greyhounds,77%,tt0109941
The Glass Shield,68%,tt0109906
Liu mang yi sheng,54%,tt0113672
Kong zhong xiao jie,Desconocido,tt0113569
Lao ni mei,Desconocido,tt0113600
Let It Be Me,Desconocido,tt0113638
The Babysitter,Desconocido,tt0112438
Habit,6%,tt0113241
First Knight,43%,tt0113071
Kingfish: A Story of Huey P. Long,40%,tt0113550
Intimate Relations,14%,tt0116643
El domini del sentits,Desconocido,tt0116124
Eskiya,Desconocido,tt0116231
The Funeral,80%,tt0116378
Captive Heart: The James Mink Story,Desconocido,tt0115826
Como Nascem os Anjos,90%,tt0115929
The Assassination File,Desconocido,tt0115578
Bolse vita,95%,tt0115726
In the Company of Men,89%,tt0119361
Moment of Truth: Into the Arms of Danger,Desconocido,tt0119379
The Life of Stuff,Desconocido,tt0119536
Loved,Desconocido,tt0119581
Le mani forti,Desconocido,tt0119610
Nettoyage à sec,Desconocido,tt0119773
Paradise Road,43%,tt0119859
The Man with Rain in His Shoes,29%,tt0138590
Johnny B Good,0%,tt0138535
Never Tell Me Never,Desconocido,tt0138652
Pi,88%,tt0138704
Fica Comigo,26%,tt0137520
Dante's View,Desconocido,tt0138389
Free Fall,77%,tt0172469
Introducing Dorothy Dandridge,83%,tt0172348
Invisible Child,29%,tt0172606
Superlove,100%,tt0173275
Lal Baadshah,20%,tt0172704
"Südsee, eigene Insel",Desconocido,tt0173298
Ungfrúin góða og húsið,Desconocido,tt0173387
Mohabbatein,80%,tt0213890
Jadviga párnája,Desconocido,tt0213733
Her i nærheden,Desconocido,tt0212215
Madame Bovary,43%,tt0212318
Hidden Blessings,Desconocido,tt0212218
The Luzhin Defence,57%,tt0211492
Il ritorno del piccolo Lord,Desconocido,tt0211598
Beat,89%,tt0211941
The Clean and Narrow,Desconocido,tt0212059
Last Orders,79%,tt0253200
Gli amici di Gesù - Giuda,Desconocido,tt0253101
The Life and Adventures of Nicholas Nickleby,59%,tt0253312
Nynke,Desconocido,tt0254610
Le stade de Wimbledon,Desconocido,tt0254791
Un homme à défendre,Desconocido,tt0253862
The Last Brickmaker in America,68%,tt0255313
The Fourth Angel,28%,tt0254334
The Point Men,Desconocido,tt0254703
No Good Deed,12%,tt0292610
Lola vende cá,Desconocido,tt0290729
L'idole,19%,tt0291259
Fixing Frank,56%,tt0292513
On Common Ground,75%,tt0293888
El sueño de Ibiza,Desconocido,tt0292259
Novo,50%,tt0291392
Local Boys,82%,tt0293357
Figure in the Forest,Desconocido,tt0293154
Tre punto sei,Desconocido,tt0331360
Mister V.,Desconocido,tt0329525
Devil's Pond,40%,tt0329162
Les sentiments,Desconocido,tt0329584
Any Way the Wind Blows,82%,tt0331175
Tauerngold,Desconocido,tt0330970
Firefight,59%,tt0328868
Devot,75%,tt0331231
An Unexpected Love,89%,tt0329679
American Short,Desconocido,tt0370365
Mysterious Skin,87%,tt0370986
Promised Land,53%,tt0371101
Secuestro express,52%,tt0371939
Company K,Desconocido,tt0372828
Die andere Frau,Desconocido,tt0372167
Forkerte navne,Desconocido,tt0371677
Kono yo no sotoe - Club Shinchugun,Desconocido,tt0371050
Eating Out,19%,tt0372884
Shabd,47%,tt0409527
La noche del hermano,Desconocido,tt0410381
Marilyn Hotchkiss' Ballroom Dancing & Charm School,Desconocido,tt0409034
Resurrection: The J.R. Richard Story,Desconocido,tt0410516
Lying in Bed,Desconocido,tt0410275
Kein Himmel über Afrika,Desconocido,tt0410156
La petite Chartreuse,Desconocido,tt0410445
On a Clear Day,69%,tt0410400
Oublier Cheyenne,55%,tt0410410
Un mundo maravilloso,74%,tt0456467
Aryan: Unbreakable,30%,tt0454396
Fair Play,86%,tt0454602
The Elder Son,35%,tt0455988
Jaan-E-Mann: Let's Fall in Love... Again,Desconocido,tt0456481
Chingaari,60%,tt0454429
Inside Man,67%,tt0454848
The Pursuit of Happyness,67%,tt0454921
Lost and Found,Desconocido,tt0455149
Irina Palm,65%,tt0762110
He Was a Quiet Man,80%,tt0760311
Relative Obscurity,Desconocido,tt0760182
Lovely by Surprise,61%,tt0760173
Afghan Knights,13%,tt0760157
Der Zauber des Regenbogens,Desconocido,tt0759757
El corazón de la tierra,58%,tt0763839
X's & O's,38%,tt0763847
"Meine Mutter, mein Bruder und ich!",Desconocido,tt0935101
Older Than America,50%,tt0932669
Float,23%,tt0934840
No Exit,62%,tt0937233
Varg,32%,tt0937378
Sappho,33%,tt0937373
Death Point,75%,tt10050610
Ila Ayithe Ela,Desconocido,tt10017546
Gusti,Desconocido,tt10018590
Young Grandpa,Desconocido,tt10026668
100 Inscritos,Desconocido,tt10022852
Eddy,69%,tt10026970
Saboa,Desconocido,tt10027174
Like Crazy,71%,tt10021724
What Momma Wants,Desconocido,tt10021708
Coffee with a Madman,Desconocido,tt10021158
Resistant,57%,tt10021750
Fleeting,92%,tt10203432
Chaco,Desconocido,tt10201328
Petya na moyata Petya,Desconocido,tt10682414
1969,55%,tt10685024
Mandela,62%,tt10687070
Asbury Park,Desconocido,tt10687016
Too Unexpected,Desconocido,tt10686506
The Electrical Life of Louis Wain,Desconocido,tt10687506
Because We Are,Desconocido,tt10692368
Watcher,88%,tt12004038
Vikrant Rona,40%,tt12015102
Vuelta al perro,77%,tt12015752
Men Don't Leave,83%,tt0100134
Meng gui ba wang hua,Desconocido,tt0100137
Thanksgiving Day,Desconocido,tt0100767
Thieves of Fortune,Desconocido,tt0100771
A Matter of Degrees,Desconocido,tt0100122
Teenage Mutant Ninja Turtles,96%,tt0100758
Where the Heart Is,35%,tt0100924
Terminal City Ricochet,83%,tt0100763
Pure Luck,15%,tt0102729
The Wizard of Oz,98%,tt0103276
Zhi zai chu wei,Desconocido,tt0103329
San taam Ma Yue Lung,Desconocido,tt0102903
To hok wai lung,Desconocido,tt0103045
Un paradiso senza biliardo,Desconocido,tt0102630
Lunatics: A Love Story,62%,tt0102357
Qiu yue,91%,tt0105198
La reina anónima,Desconocido,tt0105231
Riens du tout,56%,tt0105260
Shiko funjatta.,80%,tt0105388
Sister Act,75%,tt0105417
T Bone N Weasel,Desconocido,tt0105512
There Goes the Neighborhood,Desconocido,tt0105573
Terror in the Hot Tubs,Desconocido,tt0105567
Hak pau tin ha,Desconocido,tt0107098
The last border - viimeisellä rajalla,12%,tt0107364
"Pacco, doppio pacco e contropaccotto",Desconocido,tt0107766
Mrs. Doubtfire,70%,tt0107614
Bank Robber,17%,tt0106353
Body Bags,Desconocido,tt0106449
Roser og persille,Desconocido,tt0107991
Roulez jeunesse!,Desconocido,tt0107994
Wan 9 zhao 5,Desconocido,tt0111661
Mit moon cham on 2: Che chung,Desconocido,tt0110513
Nian nian you jin ri,Desconocido,tt0110660
Little Big League,37%,tt0110363
"Lovers, Lovers",Desconocido,tt0110397
Rám csaj még nem volt ilyen hatással,Desconocido,tt0111045
Wagons East!,0%,tt0111653
Nine Months,27%,tt0113986
Oryol i reshka,Desconocido,tt0114054
Nic smiesznego,Desconocido,tt0113971
Kids of the Round Table,60%,tt0113541
Mollo tutto,Desconocido,tt0113841
The Perez Family,60%,tt0114113
Die Mediocren,45%,tt0113790
Mrs. Munck,11%,tt0113865
Fu sheng,Desconocido,tt0116325
La lengua asesina,40%,tt0116770
Faisons un rêve,Desconocido,tt0116268
Leneged Einayim Ma'araviyot,Desconocido,tt0116857
Magic in the Mirror,41%,tt0116959
Bangs,90%,tt0115621
Chong qing ai qing gan jue,Desconocido,tt0116290
Taafé Fanga,Desconocido,tt0120266
That Darn Cat,94%,tt0120317
Twin Town,46%,tt0120394
Weihnachtsfieber,Desconocido,tt0120489
Reine & Mimmi i fjällen!,Desconocido,tt0120002
A Smile Like Yours,6%,tt0120151
steve.oedekerk.com,Desconocido,tt0120209
Tales from the Far Side II,Desconocido,tt0120270
"Five Wives, Three Secretaries and Me",80%,tt0150574
Color-Blinded,Desconocido,tt0150167
The Gift,91%,tt0150727
Ecco fatto,18%,tt0150434
Homo Heights,57%,tt0150941
Hinterholz 8,Desconocido,tt0150918
El grito en el cielo,50%,tt0150790
Erakkorapu,Desconocido,tt0187831
Passion Killers,Desconocido,tt0187659
La nouvelle Ève,75%,tt0186397
Zenon: Girl of the 21st Century,62%,tt0186726
'Ne günstige Gelegenheit,Desconocido,tt0187867
Doug's 1st Movie,28%,tt0187819
Otesánek,84%,tt0228687
A Little Bit of Lipstick,Desconocido,tt0228525
3 Chinesen mit dem Kontrabass,Desconocido,tt0228239
Les insaisissables,51%,tt0229475
Vive nous!,Desconocido,tt0229022
Ping!,57%,tt0228720
Bit Players,Desconocido,tt0230041
The Bunk Witch Project,86%,tt0230056
Zenon: The Zequel,46%,tt0271271
Jane,73%,tt0272676
Mujhe Meri Biwi Se Bachaao,Desconocido,tt0272735
Jump Tomorrow,82%,tt0273300
The Jimmy Show,40%,tt0271020
Call Me Claus,43%,tt0272018
Happy Now,79%,tt0271538
Les âmes câlines,Desconocido,tt0272093
Dinner with Friends,90%,tt0271461
Ein Sack voll Geld,Desconocido,tt0304657
The Santa Clause 2,56%,tt0304669
Fish + Dog,Desconocido,tt0305578
Sex Is Comedy,69%,tt0304678
Bobby,47%,tt0303781
Film School Confidential,Desconocido,tt0304008
Nantucket,Desconocido,tt0304458
Si Graham Norton,Desconocido,tt0304707
Gate to Heaven,100%,tt0341372
Grace,Desconocido,tt0340737
Cul de sac,84%,tt0341326
Studio City,Desconocido,tt0341598
The R.M.,64%,tt0341540
Gettin' Square,83%,tt0341376
Adam & Eva,70%,tt0341216
Mirror Man,Desconocido,tt0342776
Ce jour-là,63%,tt0343524
Wilby Wonderful,71%,tt0383717
Süperseks,Desconocido,tt0384576
I Want to Marry Ryan Banks,54%,tt0385013
Kad porastem bicu Kengur,Desconocido,tt0383846
Dontel papa,49%,tt0385511
Bandwagon,95%,tt0385534
Saving Face,88%,tt0384504
Love on the Side,67%,tt0384037
Sans Kapiyi Kirinca,Desconocido,tt0425426
Feast,55%,tt0426459
Enfants terribles,77%,tt0424999
The Essence of Irwin,Desconocido,tt0426452
In the Mix,13%,tt0426615
Pardon,Desconocido,tt0425333
Almost Heaven,60%,tt0425202
Irren ist sexy,Desconocido,tt0424187
Bernard and Doris,55%,tt0470732
Peanuts,87%,tt0472482
Eccezzziunale veramente - Capitolo secondo... me,Desconocido,tt0472520
Direktøren for det hele,75%,tt0469754
Le rose del deserto,55%,tt0470082
Raftáci,20%,tt0470079
BoyTown,43%,tt0472615
Gone to the Dogs,Desconocido,tt0469911
The Jimmy Timmy Power Hour 2: When Nerds Collide,Desconocido,tt0473050
Park,64%,tt0469519
Bakom Snart är det lördag igen,Desconocido,tt0808472
Pornorama,Desconocido,tt0808425
Vratné lahve,Desconocido,tt0809951
One Long Night,35%,tt0808409
Malta con Huevo,Desconocido,tt0810082
Free Rainer,72%,tt0810868
World of Wrestling,Desconocido,tt0810099
The Ten,35%,tt0811106
Pure Gasoline,100%,tt10070746
At Sixes and Sevens,Desconocido,tt10071408
About A Short Film,Desconocido,tt10061802
Life As We Know It,30%,tt10021716
Papers 14: Purge of the Papers,Desconocido,tt10021688
The Protector,Desconocido,tt10022384
Secret Society of Second-Born Royals,57%,tt10324122
Unbreakable Kimmy Schmidt: Kimmy vs the Reverend,94%,tt10324166
Café Mirage,76%,tt10326882
The Addams Family 2,28%,tt11125620
YOUTH TOPIA,Desconocido,tt11132688
One Minute Show,Desconocido,tt11135944
Ur spår,Desconocido,tt13316790
The Lost City,Desconocido,tt13320622
Full Throttle Paradise,57%,tt13320706
Ça tourne à Saint-Pierre et Miquelon,Desconocido,tt13322796
Slumberland - Nel mondo dei sogni,40%,tt13320662
Kiljuset!,Desconocido,tt13328854
Envol,79%,tt13335652
Jak chutnà láska,Desconocido,tt0470382
Dream a Little Dream for Me,9%,tt0472074
Clown Series 1-10,Desconocido,tt0472618
Pigeon,Desconocido,tt0472485
Strange Frequency 2,Desconocido,tt0475404
Criss Angel Mindfreak,Desconocido,tt0475945
Doraemon: Nobita to fushigi kazetsukai,Desconocido,tt0473474
Ta-Kien,Desconocido,tt0474949
The Grove,Desconocido,tt0475600
Criss Angel Supernatural,Desconocido,tt0475946
La petite feuille,Desconocido,tt0478821
Under a Shipwrecked Moon,Desconocido,tt0481001
Cult,36%,tt0480969
"Mosè e Faraone, o Il passaggio del Mar Rosso",Desconocido,tt0480768
O magos tis Venetias,Desconocido,tt0481302
The Initiation of Sarah,26%,tt0795403
Reign of the Gargoyles,20%,tt0969322
Star Wars: The Clone Wars,93%,tt1185834
El que habita las alturas,Desconocido,tt1322910
The Hunt for Gollum,Desconocido,tt1323925
El sol,Desconocido,tt1324057
Finale,50%,tt1326218
Out of the Fog,31%,tt1326957
Chi bi: Jue zhan tian xia,Desconocido,tt1326972
Charlie St. Cloud,Desconocido,tt1438254
Gladiator Games,Desconocido,tt1439532
"Aguarde, por favor!",Desconocido,tt12141548
Original Sin,12%,tt12215220
Zookeeper,14%,tt1222817
Vampire Madness,Desconocido,tt12306262
Portrait,Desconocido,tt12321038
The Future,72%,tt1235170
In the Realms of Gold,Desconocido,tt13820914
"Portraits: Emile, 98bit",Desconocido,tt13817214
Astral,56%,tt10100940
Brightheart,Desconocido,tt11107978
Kiokuya: Anata o wasurenai,Desconocido,tt11116656
Lukøje,Desconocido,tt11124092
Hopsa Heisasa,Desconocido,tt11128480
Armugan,Desconocido,tt11123316
The Black Baptism,Desconocido,tt11131816
La mujer del Presidente,71%,tt12572368
Darker Than Night,Desconocido,tt12592338
My Dog Is Sick,98%,tt12592680
The New Frontier,Desconocido,tt12619898
Churuli,67%,tt12625756
Fantasm,75%,tt4621366
Spooked,Desconocido,tt4629450
Fool Moon,Desconocido,tt4631440
Pumpkin Night,Desconocido,tt4636258
A Very Merry Chris 'n' Craig Mas,Desconocido,tt4641348
Skogen,Desconocido,tt4666644
Tales of Horror: The Judgment,Desconocido,tt4872678
Descendants of the Coven,86%,tt4903204
Manic,68%,tt4924236
Parkway,Desconocido,tt1964988
Il cerchio dei morti,Desconocido,tt1984180
Confession 3,Desconocido,tt1995281
It Returns from My Basement,Desconocido,tt2004260
Live Zombys: The Farm,13%,tt2007420
Skin Deep,100%,tt2008636
Maelstrom,79%,tt2011113
A praga,68%,tt2016844
Cabin,67%,tt2025513
Slash Hive,Desconocido,tt2035624
Pervaya sopka. Mest beshenogo Gansalesa,Desconocido,tt2041503
Chiller's Dare 2 Direct Short Film Festival 2007,Desconocido,tt2043811
Z-Day,Desconocido,tt2047925
Dead End,75%,tt2057385
A Child's Toy,73%,tt2075080
When You Owe You Pay,Desconocido,tt2069978
Gap,Desconocido,tt2072977
12 Minutes,Desconocido,tt2076140
Crna ovca u restoranu za zombije,Desconocido,tt2079488
Transmitted,Desconocido,tt2082492
The Sinister Grin,Desconocido,tt2089839
Kaj Upokojenci Skrivajo v Kleti,Desconocido,tt2088807
Sick Perverts,Desconocido,tt2090607
The Deadline,20%,tt2091432
Don't Look Back,52%,tt2095626
Empaná de pino,Desconocido,tt2109121
Basura,Desconocido,tt2110395
Dok,Desconocido,tt2111297
Dawna of the Dead,76%,tt2115308
Dead Ahead,70%,tt2122322
Jour blanc,Desconocido,tt2130074
Djavolje Kolo,Desconocido,tt2132311
The Porthkerry Experience,Desconocido,tt2132495
3 Wishes,13%,tt2148815
Rak Lorn,Desconocido,tt2150812
Trepidation,Desconocido,tt2151887
Echo Park,78%,tt2151052
Make It Nice,Desconocido,tt2153885
Star Wars: Don't Go in the Endor Woods,23%,tt2166141
The Tower,100%,tt2166261
Zombie Noir,Desconocido,tt2176045
The Flea,Desconocido,tt2174552
Noise,100%,tt2177562
The Forecast,Desconocido,tt2191664
Uhripuu - The Sacrifice Tree,100%,tt2195110
A Carne,Desconocido,tt2194491
Nina Crazy Suicide Girl: Le Prigioniere di Satana,Desconocido,tt2201141
Alta Frecuencia,70%,tt2202371
La raíz del mal,89%,tt2205539
Slurpees,Desconocido,tt2217816
My Worst Nightmare,67%,tt2217881
Vendrá la muerte y tendrá tus ojos,Desconocido,tt2235801
Het mysterie van de volle maan,Desconocido,tt1596262
Yoga hakwon,Desconocido,tt1599378
Spirale,37%,tt1600443
Made Out Alive,65%,tt1600765
Birth of a Nicola,Desconocido,tt1602039
Aa Intlo,Desconocido,tt1601791
Bloodbath,Desconocido,tt1602110
Buttf**ker,Desconocido,tt1603470
Cheun,Desconocido,tt1603807
Cheuuat gaawn chim,Desconocido,tt1603808
Pipe Wrench,Desconocido,tt1603911
Pengantin Pantai Biru,Desconocido,tt1748161
Ninjas vs. Vampires,29%,tt1748134
White House,67%,tt1748288
Malevolent Ascent,Desconocido,tt1754170
All Flowers in Time,Desconocido,tt1753423
A Taste,86%,tt1753402
Blarghaaahrgarg,Desconocido,tt1753518
Bats in the Belfry,Desconocido,tt1753484
Don't Look Under the Bed,68%,tt1753727
Kalevet,Desconocido,tt1754000
Liebe oder nichts,Desconocido,tt1754124
Night of the Unwed,50%,tt1754274
Easter Bunny Bloodbath,Desconocido,tt1753750
Closed Door,Desconocido,tt1753598
Le malinconiche pene del Grom,Desconocido,tt1754088
The Next,28%,tt1754677
The Couple,85%,tt1754614
The Unwelcome,65%,tt1754726
The Brutalizer,70%,tt1754599
Phobia,63%,tt1754348
Within,25%,tt1754901
The Withered Dead,Desconocido,tt1754732
Lancaster Square,Desconocido,tt1754077
Dead Search,Desconocido,tt1753674
The Hitchhiker,35%,tt1999969
Call of Nature,5%,tt2000410
Daddy Cross,Desconocido,tt1999858
Caustic Zombies,Desconocido,tt1999851
Hurst,Desconocido,tt1999895
"Tingen, Edderkoppen",Desconocido,tt2000433
Am I,Desconocido,tt2004153
Dead End,75%,tt2005193
Weeping,Desconocido,tt2004426
The Executive Producer,Desconocido,tt2005372
Flesh Art,Desconocido,tt2005220
Little Red,Desconocido,tt2004284
Darkwood Manor,Desconocido,tt2005190
Dead Bodies Everywhere,85%,tt2006093
Versipellis,Desconocido,tt2006297
Foreplay,Desconocido,tt2005221
12/12/2012,8%,tt2313780
Kuntilanak-Kuntilanak,Desconocido,tt2316550
Ex Abyssus,Desconocido,tt2315792
Samayou shinzô,Desconocido,tt2315292
The Devil's Music,Desconocido,tt2314348
File 13,39%,tt2314254
The Hole,53%,tt2315170
Six Ghosts,86%,tt2315864
Kung Fu Pocong Perawan,Desconocido,tt2316418
Nenek Gayung,Desconocido,tt2316564
Children of the Grave 2,47%,tt2316521
Too Focused,Desconocido,tt2315428
Exorsister,78%,tt2316637
All the Fists in the World Won't Save You Now,Desconocido,tt2317486
UNLV Massacre,Desconocido,tt2316404
Rakugo eiga,Desconocido,tt2317414
Paranormal Adoption,Desconocido,tt2316959
Morgana,100%,tt2318360
Just Like You...,Desconocido,tt2318569
Pumpkin Morgue Paranormal Investigators: Touch the Sky,Desconocido,tt2319420
The Darkening,Desconocido,tt2317734
Clowning Around,Desconocido,tt2318433
Shivers Down Your Spine: Convention Girl,Desconocido,tt2318675
Hush,93%,tt2318535
La Casa De Arriba,7%,tt2938190
Friends,78%,tt2937378
Soleil rouge,40%,tt2943870
Dead of Winter,77%,tt2941494
Hellhounds,13%,tt2943990
Bhoner: The Movie,Desconocido,tt2936408
Until Death,39%,tt2939094
Ridge War Z,Desconocido,tt2941258
Midnight Man,27%,tt2937080
Porcelain Rising,Desconocido,tt2938282
Liebe,Desconocido,tt2940782
Estrela Radiante,Desconocido,tt2941436
Enter If You Dare: House on Creepy Lane Part 2,Desconocido,tt2942404
El misterio de Vera Drudi,Desconocido,tt2942728
Fear: The Movie,46%,tt3608780
The Coed and the Zombie Stoner,22%,tt3608654
"Saikin, chôchô wa...",Desconocido,tt3609482
Unnatural History,Desconocido,tt3609874
Reset,Desconocido,tt3608476
Skyglow,Desconocido,tt3608808
Funhouse,0%,tt3610680
Ban khang winyan,Desconocido,tt3612476
Hong lork lorn,Desconocido,tt3612494
Salvation Jane,Desconocido,tt3612342
Maria,90%,tt3614484
Picture Particles,75%,tt3615590
Guilt,93%,tt3614870
Icky,Desconocido,tt3615066
Body in Boot,95%,tt3615570
Ruka,Desconocido,tt3616378
Found Footage: The Lost Genre,Desconocido,tt3617952
Sandarsakan - The Visitor,19%,tt3613664
Precocious Movie Kids,47%,tt3616444
Out of Breath,Desconocido,tt3619340
Creature,89%,tt3619854
Mr. Dentonn,Desconocido,tt3620736
Behind Closed Doors,Desconocido,tt3620118
The Left-Hand Path,Desconocido,tt3622252
The Right Girl,22%,tt3621466
Nyctophobia,Desconocido,tt3623882
Demons,69%,tt3629024
R.L. Stine's Monsterville: Cabinet of Souls,Desconocido,tt4386242
GrossHouse,Desconocido,tt4388230
Slumlord,77%,tt4392454
Haunted,29%,tt4392362
Wide Spread,Desconocido,tt4392724
The Smiling Man,Desconocido,tt4392396
Follow,39%,tt4396584
Rate Me,Desconocido,tt4396330
Sisters,60%,tt4397114
The Wager,Desconocido,tt4396034
Hands of Wicked Men,Desconocido,tt4396744
Vacation,27%,tt4397576
Thee Massacre: Drenched in Blood and Sweat,100%,tt4400036
The Haunter of the Dark,83%,tt4402410
StaggeR .0,Desconocido,tt4402074
Haman,Desconocido,tt4401702
Calling,25%,tt4401132
"Enter, Metanoia",Desconocido,tt4401362
Midnight Kiss,70%,tt4405432
Kartoffelsalat,Desconocido,tt4404474
When the Night Falls,9%,tt4401386
Snow Dayz,73%,tt4404292
Hyde,Desconocido,tt4412338
Getting Ready for a Lunch Date,Desconocido,tt4411554
Who? What? Where? Wolf!!!,45%,tt5330902
Tutorial,Desconocido,tt5330854
Friends Forever,Desconocido,tt5331612
Koritsia tis thalassas,Desconocido,tt5333132
The Call of Charlie,Desconocido,tt5334598
The Existential Zombie,Desconocido,tt5333890
She,20%,tt5334102
Die Geur van Appelkose,Desconocido,tt5338346
Thrust of the Blade,Desconocido,tt5337414
Aurora,22%,tt5341128
The Devilman,89%,tt5341078
The spirit chaser,Desconocido,tt5340542
Zoombies,63%,tt5340882
The Hand. Return,Desconocido,tt5341538
Slayer A.D.,Desconocido,tt5342520
"Eternal Coma, 1994",Desconocido,tt5342196
The Puppet Man,Desconocido,tt5340864
Exscind,Desconocido,tt5343730
Staged,89%,tt5344394
Patient Seven,29%,tt5345298
Divination,50%,tt5350044
Gritos del Monday,Desconocido,tt5350098
Çagrilan,Desconocido,tt5352034
Circles,Desconocido,tt5350688
Dusty,Desconocido,tt5353006
Vile Prey,Desconocido,tt5352998
Flamingo,Desconocido,tt5355360
Lake on Fire,Desconocido,tt5354458
Captured,Desconocido,tt5851592
Sacrilege,10%,tt5848862
Kodomo tsukai,Desconocido,tt5856116
The Doll Master,54%,tt5856594
The Atoning,67%,tt5854198
Agatha,71%,tt5860750
I Contacted Poison Control,Desconocido,tt5862836
Sleep No More,33%,tt5861882
Wettlaufers Widow,Desconocido,tt5859042
Verónica,88%,tt5862312
Eddie,16%,tt5858234
Fagyott május,Desconocido,tt5863822
Svarta Madam,Desconocido,tt5868058
Over the Fairy Hill,93%,tt5862464
O Vídeo 2,Desconocido,tt5871412
Orpheum,Desconocido,tt5867404
Attack of the Adult Babies,50%,tt5871318
Birthday,Desconocido,tt5869246
Into the Black,70%,tt5866170
Lunch Box,Desconocido,tt5873448
The City of Gold,89%,tt4113346
CobraGator,Desconocido,tt4155680
3:15 AM,Desconocido,tt4161376
Bacao,Desconocido,tt4157484
Inner Ghosts,40%,tt4177670
Black Pumpkin,Desconocido,tt4180532
Malacostraca,Desconocido,tt4185538
Achoura,83%,tt4188180
Hunted: Outbreak,Desconocido,tt4187646
Exit 14,25%,tt4202970
Moma's Spirit,Desconocido,tt4203788
Something in the Dark,Desconocido,tt4204450
Ghost Walks,83%,tt4208978
Virus of the Dead,Desconocido,tt4225092
Eat Me,85%,tt4229864
The Key and the Answer,Desconocido,tt4259842
The Snarling,60%,tt4263780
Ben: The Movie,60%,tt4266102
La nuit a dévoré le monde,87%,tt4266076
Seven Stages to Achieve Eternal Bliss by Passing Through the Gateway Chosen by the Holy Storsh,Desconocido,tt4270452
Seven in Heaven,21%,tt4269118
Chuck Steel: Night of the Trampires,88%,tt4278346
West of Hell,43%,tt4287470
The Iced Hunter,Desconocido,tt4305160
American Exorcist,Desconocido,tt4312842
Blackout,Desconocido,tt4335614
The Beast of Calvary Creek,Desconocido,tt4352538
Hide in the Light,22%,tt4369136
Seen,Desconocido,tt4368570
Blood Vow,75%,tt4372084
Mulgoe,95%,tt4374286
Pumpkins,Desconocido,tt4381382
Finding GrassMan,Desconocido,tt4404206
Slice,52%,tt4411234
The Spiritualist,Desconocido,tt4418152
Boogeyman Pop,Desconocido,tt4422886
Island of the Dolls,Desconocido,tt4423788
Aux,Desconocido,tt4443974
Killing Joan,Desconocido,tt4454834
In Memory Of,Desconocido,tt4457008
I Think You Should Flee,97%,tt4472982
Necronomicón,Desconocido,tt4491146
Rumah Belanda,Desconocido,tt4504144
Bigfoot,26%,tt4503112
Tainted Love,Desconocido,tt4507566
Headgame,36%,tt4518962
A Novel Tale of Grave Danger,Desconocido,tt4516814
Darkness Reigns,87%,tt4520518
Overlord,82%,tt4530422
Kembalinya Anak Iblis,Desconocido,tt10768346
Locker,Desconocido,tt10767566
La llorona,96%,tt10767168
Unity,62%,tt10767384
Slaughterhouse Slumber Party,Desconocido,tt10771232
The Slit-Mouthed Woman,50%,tt10771014
Punisher,65%,tt10771492
Dibbuk,Desconocido,tt10772310
A Haunting at The Octagon Mansion,37%,tt10772508
Birds of a Feather,Desconocido,tt10773246
It Whispers,71%,tt10772348
Violeta,Desconocido,tt10772728
Gray Matters,8%,tt10772994
By Night's End,100%,tt10771344
Texas Death Trippin',Desconocido,tt10772304
I Want Mommy,37%,tt10773386
Maledictus,Desconocido,tt10777280
Alyti,Desconocido,tt10776598
Vacant Rooms,Desconocido,tt10774576
The Fork,100%,tt10777088
Ashes,Desconocido,tt10776436
Return To Haddonfield,39%,tt10776702
Hora de cenar,30%,tt10777296
The Ferryman,Desconocido,tt10778584
Locked In,58%,tt10786718
Blackface,53%,tt10783516
Insight of Evil 2: Vengeance,Desconocido,tt10783080
Legend of Takawa,64%,tt10787718
My Boyfriend the Boogeyman,60%,tt10787274
The Hitchhiker,35%,tt10785206
The Painter,83%,tt12234750
Clowning Around,Desconocido,tt12235836
From Outside,Desconocido,tt12236310
FEIC - Fonti eminenti inconfutabili confermano,Desconocido,tt12239222
Momma,Desconocido,tt12236288
Widow Maker: The Soul-Sucking Dog,Desconocido,tt12236242
Critical Perfection,Desconocido,tt12237116
"Don't Worry, You Don't Exist",38%,tt12241238
Alone,91%,tt12239042
Nederlands-Engels Woordenboek,Desconocido,tt12239128
Capture,96%,tt12242936
Catalyst,Desconocido,tt12241482
Tapes,0%,tt12244152
Strange Encounters,Desconocido,tt12245806
Bite Me,60%,tt12244390
Plu-ral,Desconocido,tt12244676
Toby Doll,Desconocido,tt12245110
In My Name,98%,tt12245768
Domain,71%,tt12247826
Watching You,77%,tt12245872
Peer,Desconocido,tt12246836
Envy,8%,tt12249036
Life.,Desconocido,tt14165710
Fame Fatale,49%,tt14164708
"Night, Night, Baby 3: Goodnight Forever",Desconocido,tt14168392
Gold Coins,Desconocido,tt14168888
Grindsploitation 9,Desconocido,tt14170458
IRUL: Ghost Hotel,Desconocido,tt14170178
No Return,Desconocido,tt14170108
A Chamada,100%,tt14172656
Emory Woods,Desconocido,tt14175438
The Pack,55%,tt14172892
Miracle Valley,Desconocido,tt14174586
Doppelgänger,56%,tt14174278
The Faraway Place,Desconocido,tt19316160
Don't Look in the Basement,25%,tt19316712
Haunted Universities 2nd Semester,Desconocido,tt19328882
Blood and Black Lace,80%,tt19355610
Scream: Fan Film,76%,tt19357018
OST,Desconocido,tt19353940
Mittel Würffel,Desconocido,tt19354910
MORBIUS,Desconocido,tt19356146
Winter of '83,Desconocido,tt19357478
Who's There,Desconocido,tt19358828
Backrooms Found Footage,Desconocido,tt19359866
DIEver,93%,tt19363900
No: 26 Ölüm Çigligi,Desconocido,tt19357830
Hide and Seek,12%,tt19364200
Iblis: Karanligin Sahibi,Desconocido,tt19357834
Aranya Sen,83%,tt19365024
The Cleansing,Desconocido,tt19365498
Piranha Women,Desconocido,tt19365926
Erecting A Monster,Desconocido,tt19367438
Terroir,Desconocido,tt19369392
Peripheral,79%,tt19369570
RiffTrax: Zombie Nightmare,Desconocido,tt19369784
The Killer Balloon,Desconocido,tt19370248
Trash Juice,Desconocido,tt19370780
Wanna Play A Game,Desconocido,tt19369296
The knifemare,Desconocido,tt19365404
Day 66,87%,tt27811641
Wicked Fright,Desconocido,tt27812098
The Poors,Desconocido,tt27812638
Ghunghroo,Desconocido,tt27812992
Slumber Hunger,0%,tt27813558
Beholder,Desconocido,tt27814965
GhostGame,40%,tt27817365
Vloek: kutukan,Desconocido,tt27818377
Noctambule,Desconocido,tt27818862
Tape X,Desconocido,tt27825585
A nap...,Desconocido,tt27826966
Paradise Hell,83%,tt27829138
Barbatachtian 5: Alive,Desconocido,tt27829251
Mansplained,Desconocido,tt27829732
Blackwater,80%,tt27830338
The Hand,29%,tt27830625
Perfect Match,56%,tt27831431
Meera Ka Mohan,Desconocido,tt0378343
Sana kahit minsan,Desconocido,tt0385212
Qaid Mein Hai Bulbul,Desconocido,tt0390400
Boy Friend,88%,tt0395480
Kanmani,Desconocido,tt0317807
Pehla Pehla Pyar,Desconocido,tt0317985
Amor que mata,62%,tt0318984
Rasigan,Desconocido,tt0331642
Headphoneul beosheora,Desconocido,tt0333547
Pinkbit gangtong,Desconocido,tt0334113
Nuga naleul michige haneunga,Desconocido,tt0285804
Haqeeqat,Desconocido,tt0286672
Tranzito,95%,tt0289575
Endoresu warutsu,98%,tt0291149
I zoi enamisy hiliariko,Desconocido,tt0292387
Vizio e provocazione,Desconocido,tt0295539
Kirot 2,31%,tt0301512
Sri Krishnarjuna Vijayam,Desconocido,tt0267950
Jincha sanai,Desconocido,tt0272681
Istanbul Kanatlarimin Altinda,Desconocido,tt0272142
Udyanapalakan,46%,tt0271849
D'amour et d'eau salée,Desconocido,tt0273163
Kaathil Oru Kinnaram,Desconocido,tt0275441
Un homme,44%,tt0219371
Flames: The Movie,Desconocido,tt0216753
Mohabbat,44%,tt0217660
Sled kraja na sveta,Desconocido,tt0206303
Wuthering Heights,68%,tt0204744
Doli Saja Ke Rakhna,58%,tt0207415
Prem Aggan,Desconocido,tt0210920
Bun siu hai,Desconocido,tt0241222
Dolphins,89%,tt0240457
Shôjo kakumei Utena: Adolescence mokushiroku,Desconocido,tt0243558
Liebe versetzt Berge,Desconocido,tt0244037
Deadtime,Desconocido,tt0245860
Sirf Tum,48%,tt0244794
Inteha,Desconocido,tt0246701
Papa's Angels,87%,tt0263836
Jis Desh Mein Ganga Rehta Hain,18%,tt0263491
Bangkok Dangerous,9%,tt0263101
A kis utazás,Desconocido,tt0265017
Parsley Days,76%,tt0263840
One True Love,23%,tt0263817
Boychick,46%,tt0287942
Wonder,86%,tt0289627
Personals: College Girl Seeking...,Desconocido,tt0288730
Say Nothing,27%,tt0288808
Wai See Lee: Lam huet yan,Desconocido,tt0324518
Regentage,Desconocido,tt0323788
Romance,Desconocido,tt0323829
Akala mo...,Desconocido,tt0324975
Sam & Janet,Desconocido,tt0323874
Blue,78%,tt0326773
Ya no los hacen como antes,Desconocido,tt0368452
Walang kapalit,Desconocido,tt0368428
Parwana,Desconocido,tt0366880
Hob el banat,Desconocido,tt0366581
Pride and Prejudice,Desconocido,tt0366920
Il posto dell'anima,Desconocido,tt0366915
This Car Up,Desconocido,tt0367137
Wuthering Heights,68%,tt0367245
Okkadu,83%,tt0366840
Laam seung lui gwong,Desconocido,tt0408981
Muskaan,Desconocido,tt0409068
Der Traum vom Süden,Desconocido,tt0410803
Shart: The Challenge,Desconocido,tt0410591
Running Without Sound,Desconocido,tt0410536
Slutty Summer,11%,tt0411883
All My Life,57%,tt0411096
Boy Meets Girl Stories #4: Geen antwoord,Desconocido,tt0452167
Dubai,75%,tt0453040
The Dive from Clausen's Pier,42%,tt0452611
Elsa y Fred,33%,tt0453047
Sachein,Desconocido,tt0453201
Mama und der Millionär,Desconocido,tt0453515
Cumbia callera,66%,tt0897249
Red: The Dark Side,43%,tt0896968
Oviedo Express,17%,tt0896957
14 Days in Paradise,Desconocido,tt0898887
Blue Butterfly,Desconocido,tt10849812
Deh Sukh 2,Desconocido,tt10851198
Sayonara made no 30-bun,82%,tt10857048
Womanhood,Desconocido,tt10859670
"Sunny, Pomona",Desconocido,tt10869180
In a Sentimental Mood,Desconocido,tt12714422
Infame,Desconocido,tt15070914
Askin Gönül Yazisi,Desconocido,tt15072672
Un novio para mi mujer,Desconocido,tt15092772
Hatya,Desconocido,tt15094830
Osman Sekiz,Desconocido,tt15114166
82 Bunsho,Desconocido,tt28331529
Mi mi da zhui sha,Desconocido,tt28660615
Pigilin natin ang dilim,Desconocido,tt28857336
Eight Ball,Desconocido,tt5960506
Eight Ball,Desconocido,tt5964886
Wait a Minute,Desconocido,tt6257646
Jahan Pyaar Mile,Desconocido,tt6380828
Assassini per caso,13%,tt8659854
Kureyon Shinchan: Arashi o Yobu Janguru!,Desconocido,tt2180441
All in Theory,80%,tt2302515
Primavera di granito,Desconocido,tt2473052
Mensagem,Desconocido,tt2523120
Mere Aagosh Mein,Desconocido,tt2663796
The Naked Truth,Desconocido,tt2663784
Ek Nari Do Roop,Desconocido,tt2663852
Uff Yeh Nasha,Desconocido,tt2722872
Empty Mirror,71%,tt2727252
Sparsha,Desconocido,tt2917334
Dr. Munshir Diary,Desconocido,tt2929826
Dear Father,Desconocido,tt11230238
X dang an Sha wu she,Desconocido,tt11502648
Mutham,Desconocido,tt10295786
Meitantei Conan: Ginyoku no kijutsushi,Desconocido,tt1133559
Triple Raped,Desconocido,tt11806164
Wednesday Afternoon,Desconocido,tt1183922
Ab... Bas!,Desconocido,tt1202344
Playing God,69%,tt1223456
Per giusto omicidio,Desconocido,tt1227171
Suicide Run,Desconocido,tt1033633
Ömer Seyfettin: Perili kösk,Desconocido,tt10345862
Lisa,50%,tt1038040
13 segundos,80%,tt1043716
Backhand,Desconocido,tt1055268
The Silver Rope,Desconocido,tt0929793
Her Sister's Keeper,47%,tt0930063
Room 36,Desconocido,tt1149402
Second Sight,0%,tt1151400
3 Days of Darkness,20%,tt1151836
Paper Girl,Desconocido,tt1152279
Le rédempteur,Desconocido,tt1153045
Sebastian & Alan,Desconocido,tt1153048
Oftalmós,Desconocido,tt1155067
Loop,50%,tt1155062
Gekijô ban Kara no kyôkai: Dai isshô - Fukan fûkei,Desconocido,tt1155650
The Interrogation,86%,tt11561638
Green Eyed Monster,Desconocido,tt1156311
Divar,Desconocido,tt1313108
25Gs,Desconocido,tt1313225
Nocturnos,63%,tt1313251
Rabid Rage,79%,tt1313879
Class Savage,76%,tt1314172
Ru-Ba-Ru,Desconocido,tt1314367
Troglodyte,13%,tt1314248
Hush,93%,tt1315045
Interpretation,Desconocido,tt1315047
Frozen Seed,Desconocido,tt1315042
El ataque de los robots de nebulosa-5,Desconocido,tt1315346
Muñeco viviente V,Desconocido,tt1315393
Christian Blake,Desconocido,tt1316041
Quarto 38,18%,tt1315894
Trickery Mimicry,Desconocido,tt1316083
Good People,12%,tt1316053
Tuesday,100%,tt1453448
Blacke Revenant,Desconocido,tt1453955
Dark Heart,57%,tt1453978
Apparition,3%,tt1453949
Ek: The Power of One,24%,tt1454461
The Lower Circle,Desconocido,tt1454723
Fueled,Desconocido,tt1454986
Intruder,52%,tt1455082
Faux Finish,Desconocido,tt1454925
Go Quietly,100%,tt1455012
Lateral Us,Desconocido,tt1455166
Hector Corp.,94%,tt1455635
Among Thieves,91%,tt1456085
The Cold Day in Hell,0%,tt1646230
6079_Zn,Desconocido,tt1646091
Periferic,Desconocido,tt1646221
La casa muda,68%,tt1646973
Vulture,Desconocido,tt1646176
The Raven,22%,tt1646231
The Bird Curse,52%,tt1646943
Wasted on the Young,Desconocido,tt1647483
In,Desconocido,tt1869486
Bbuddah... Hoga Terra Baap,51%,tt1869296
Black Pond,Desconocido,tt1869309
Eye of the Storm,83%,tt1871270
One Shot,59%,tt1869606
Fatale,45%,tt1870393
Maniac,85%,tt1869551
30 días antes,Desconocido,tt1871997
"ENEMY: In the Deep, Dark Corners",Desconocido,tt1871261
Revived,Desconocido,tt1872152
Remains,9%,tt1870527
Ibn el-Qunsul,Desconocido,tt1872084
Turn,81%,tt1872879
Famous,Desconocido,tt1873556
Instant Message,Desconocido,tt1872814
Heaven Sent,Desconocido,tt2202366
When the Clock Strikes Midnight,Desconocido,tt2201926
Christmas Twister,28%,tt2202798
Distants,Desconocido,tt2201810
Stalker,100%,tt2202579
Code 72,Desconocido,tt2203765
¡Atraco!,43%,tt2203951
Hiccup,Desconocido,tt2204108
Emily,88%,tt2204924
Beneath the Ink,Desconocido,tt2202389
Offeret,89%,tt2203859
Shallow,78%,tt2203808
Some of Angela,Desconocido,tt2203842
Kobieta Plus Drzewo,Desconocido,tt2204283
Sins,17%,tt2693018
Follow,39%,tt2697770
Wishful Thinking,0%,tt2698106
Final Offense,0%,tt2698206
John Day,Desconocido,tt2699840
The Necklace,Desconocido,tt2699762
Rough Waters,40%,tt2700772
Back Up,17%,tt2700558
OperHator,100%,tt2701088
A Shameless Revenge,Desconocido,tt2700466
Broken Knuckles,Desconocido,tt2705192
2013: Holocaust,Desconocido,tt2697322
Jinrui shikin,Desconocido,tt2700114
Devil's Corner,Desconocido,tt3361808
Tin Man,Desconocido,tt3361794
Joy Burn,Desconocido,tt3361182
Necrofobia,Desconocido,tt3360828
Client Seduction,Desconocido,tt3364316
Sorority Surrogate,Desconocido,tt3366000
5,Desconocido,tt3370900
Nona,60%,tt3369826
Killing Daddy,85%,tt3368814
The Truth,87%,tt3371582
Purgatorio,Desconocido,tt3374866
Where Is Alice?,30%,tt3373912
The Dark,95%,tt3376648
Ithu Charuvoda Dating,Desconocido,tt3376252
Compass Rose,Desconocido,tt3379232
Gone in the Dark,Desconocido,tt3377796
Tangled Wire,89%,tt3378362
Venial,Desconocido,tt3377886
Norman Hyde,Desconocido,tt3381468
Water,91%,tt3381570
Curse of Mesopotamia,Desconocido,tt3883976
Xanadu,30%,tt3883454
A Boy Named Bellamy,Desconocido,tt3888418
Kadavul Paathi Mirugam Paathi,Desconocido,tt3885704
Night Fare,40%,tt3889166
Tiger Lily,Desconocido,tt3889100
Franklin: A Symphony of Pain,Desconocido,tt3884666
Mae Day,53%,tt3889644
Lights Out,Desconocido,tt3891580
Revolve,15%,tt3891920
Mile End,Desconocido,tt3893826
Ellos Volvieron,Desconocido,tt3894340
Depth of a Dark Side,Desconocido,tt3898080
Gone Tomorrow,Desconocido,tt3899070
Savageland,60%,tt3899154
Madison Lane,Desconocido,tt3898244
Sons of the Wicked,Desconocido,tt3899380
Last Pickup,Desconocido,tt3895838
Madam Trigger,Desconocido,tt3893926
Sharknado 3: Oh Hell No!,36%,tt3899796
Bird Watching,96%,tt3901012
Her Infidelity,17%,tt3905756
Loss,Desconocido,tt3901818
For Jean-Pierre Melville,Desconocido,tt3901162
Sendero,14%,tt3901962
Saving Dreams,Desconocido,tt4813906
Inside Scarlett,Desconocido,tt4809254
Apocalypse Road,Desconocido,tt4815204
Here Alone,54%,tt4814760
Te3n,67%,tt4814290
Ectoplasm,Desconocido,tt4817500
A Beautiful Mess,Desconocido,tt4818474
Lens,Desconocido,tt4818776
Good Tidings,0%,tt4823524
Zhen xiang jin qu,Desconocido,tt4828680
Break in at Sam Palmer's House,Desconocido,tt4832364
Scattered,Desconocido,tt4827246
Dean's Well,65%,tt4829642
Inches from the Ground,Desconocido,tt4828600
Promotion,55%,tt4829108
Sharknado 4: The 4th Awakens,14%,tt4831420
The Loner,63%,tt4831810
Blank Face,68%,tt4835102
Soldier Bee,50%,tt4835318
Purasangre,Desconocido,tt4835926
Four Walls,Desconocido,tt4835804
No Good Heroes,Desconocido,tt4839414
Lioness,56%,tt4840298
"Flickan, mamman och demonerna",Desconocido,tt4841464
Taste,86%,tt4839430
MiddleMan,71%,tt4835894
Only She Knows,Desconocido,tt4836052
Night Shifts,93%,tt4836384
Jake,Desconocido,tt4836794
Enemy Within,Desconocido,tt4837396
Yassine Movie,Desconocido,tt4837290
Emily and the Lightning,Desconocido,tt4839432
An Idle Mind Is the Devil's Playground,Desconocido,tt4843318
Blood is a prisoner,Desconocido,tt4845720
My Father Has a Choice,35%,tt4844176
Jasper Jones,Desconocido,tt5091014
M.F.A.,80%,tt5091530
O lyubvi,Desconocido,tt5091108
Watch the Sunset,71%,tt5094040
Echoes of the Passed,95%,tt5095194
Cold Brass,Desconocido,tt5094914
Kyrsyä - Tuftland,43%,tt5104330
Ghost Note,Desconocido,tt5109302
One Under the Sun,86%,tt5110386
Super Dark Times,Desconocido,tt5112578
Noctem,Desconocido,tt5111550
Cassette,Desconocido,tt5112462
The Keeping Hours,Desconocido,tt5114154
Veras Mantel,Desconocido,tt5113868
Adam,38%,tt5118062
Perfect sãnãtos,56%,tt5120010
Alien Shadows,Desconocido,tt5118616
Pyewacket,83%,tt5119116
True to the Game,58%,tt5116504
El bar,88%,tt5121816
Vo veki vechnye,Desconocido,tt5125582
A Good Dream,Desconocido,tt5126730
Stand Up,Desconocido,tt5125668
O Animal Cordial,Desconocido,tt5126274
Awakening,84%,tt5127812
A Simple Job,84%,tt5127918
Hitchhiker,94%,tt5136540
Skinford,Desconocido,tt5136686
Xenophilia,Desconocido,tt5139394
The Good Machine,Desconocido,tt5140226
Annabelle: Creation,70%,tt5140878
Triangle,79%,tt5141620
The Dissection of Jack & Jill,Desconocido,tt5142086
Seth,Desconocido,tt5143110
12 Feet Deep,92%,tt5143226
Smoke,88%,tt5143926
Lost in Tokyo,Desconocido,tt5150426
Reverend,10%,tt5147510
Illicit,52%,tt5152606
The Discovery,46%,tt5155780
Escape Room,50%,tt5159414
Nibunan,Desconocido,tt5159408
Nightworld,11%,tt5157052
The Scenic Route,65%,tt13242792
Dogface,Desconocido,tt13256150
Paradise,55%,tt13273558
Nightswims,Desconocido,tt13279128
Iniquitous Interrogation,Desconocido,tt13316130
Interior,Desconocido,tt13323766
Sweet Like Poison,Desconocido,tt13331612
Valentine Day Ka Side Effect,Desconocido,tt13346998
Reflection,95%,tt13363622
Obscurity,75%,tt13369410
L'oscura presenza - Prologo,Desconocido,tt13374328
Run for Your Life,Desconocido,tt13380636
Werewolf Game: Prison Break,Desconocido,tt13445838
Wost Prom Ever,62%,tt13476294
The Man in the Bowler Hat,100%,tt13483994
Kesikbas,Desconocido,tt13485508
Vefk: Ölüm çagirdi,Desconocido,tt13486272
Celebr8,Desconocido,tt13490714
Woke,74%,tt13490422
The Parable of Allison,Desconocido,tt10488438
Entanglement,61%,tt10492754
"The Woe Land Saga, Chapter 1: ingrID",Desconocido,tt10492778
I Love You,Desconocido,tt10494498
Dream_Girl,79%,tt10495404
Casablanca,99%,tt10497826
The Devil She Knows,36%,tt10498850
Annabellum: The Curse of Salem,55%,tt10498810
Hamlet Pheroun,Desconocido,tt10497516
Caliche Run,Desconocido,tt10499108
The Amazing World of Emma,86%,tt10498478
Alternate,75%,tt10499936
Midnight Ruins,87%,tt10497914
Guilt,93%,tt10499300
The Factory at Echo Lake,Desconocido,tt10503012
Morally Relativistic,Desconocido,tt11750326
Voces,63%,tt11750282
Tarung Sarung,Desconocido,tt11749980
Die Waschmaschine,Desconocido,tt11747978
The Mountain Kings,Desconocido,tt11750260
The Rift - Candidate 23,Desconocido,tt11749482
Tick Tick Tick,57%,tt11752970
The Instrument,Desconocido,tt11756502
Friend,78%,tt11755386
Unleash the Rage,76%,tt11757782
Freeze Your Brain,75%,tt11758948
Hannah & the Friend Zone,Desconocido,tt11759580
Dispute - II A film by mirzamlk,Desconocido,tt11761284
Half the Man,Desconocido,tt11759182
Sam,Desconocido,tt11761282
Harassed,68%,tt11761850
f/0,Desconocido,tt11760210
BIR,Desconocido,tt11760270
White Noise,Desconocido,tt13786562
Yug the law of karma,Desconocido,tt13788046
Season of the Worm,Desconocido,tt13786492
Outlier,20%,tt13793884
Rare,Desconocido,tt13793000
The 2nd Wave,Desconocido,tt13793428
The Last Two Days,91%,tt13796242
Bumper Policy,46%,tt16912492
Regalo,Desconocido,tt16951398
Non-Disclosure,Desconocido,tt16954632
The Replacements,41%,tt16960952
Gangs of 18,73%,tt16965118
Daddy's Little Nightmare,Desconocido,tt16967964
Night at the Neptune,Desconocido,tt16968426
Lesion,91%,tt16968876
Noche Americana,20%,tt16969742
Kinjirareta asobi,Desconocido,tt26758292
Detektor,Desconocido,tt26761217
Kukolnik,Desconocido,tt26761313
Watching Amber,7%,tt26761732
Streaming,Desconocido,tt26762096
Biet,Desconocido,tt26762535
Graveyard of Dreams,100%,tt26762793
Ako si Ninoy,Desconocido,tt26762997
Perdue de vue,Desconocido,tt7042224
Sheyal Debota Rahasya,Desconocido,tt6814204
Southwest,Desconocido,tt6869360
The Victim,91%,tt7428098
"Marie-Madeleine,",Desconocido,tt5555410
Addi Tappaa,Desconocido,tt10100872
Andalus,Desconocido,tt10137406
One piece: Omatsuri danshaku to himitsu no shima,76%,tt1018764
Kristallportale,Desconocido,tt0926094
Lion,84%,tt0928191
Seul,71%,tt0929280
Number 13,Desconocido,tt0934533
Liu hao chu kou,47%,tt0934427
The Sled,100%,tt1119212
Reflections,60%,tt1119664
Voces,63%,tt1121108
Kirksdale,Desconocido,tt1121949
The Truth About Faces,Desconocido,tt1121974
Panama,7%,tt1338653
Aswang: A Journey Into Myth,Desconocido,tt1339050
Cowboy,92%,tt1339071
7,83%,tt1339040
The Ceremony,Desconocido,tt1339063
Sessions of the Mind,Desconocido,tt1339166
Sunshine Away,76%,tt1339178
A Brush with Murder,Desconocido,tt1339532
Pantomima,Desconocido,tt1339672
Where's Dookie Cannata?,Desconocido,tt1340139
A Noble Way,Desconocido,tt1340600
The Mystery of the Missing Matron,Desconocido,tt1340599
Cellule 66,90%,tt1340560
The Chauffeur,Desconocido,tt1340561
Veracity: We All Shine On,Desconocido,tt1480698
Accused at 17,41%,tt1480649
Awaken,57%,tt1482383
Encrucijada,76%,tt1482446
Kamisama herupu!,57%,tt1653881
Be-seu-teu-sel-leo,31%,tt1655617
Gôsuto,96%,tt1655400
Exposed,8%,tt1878932
The Key to Annabel Lee,Desconocido,tt1879072
I Have Loved,96%,tt1880230
Save the Planet,Desconocido,tt1880319
Hij,Desconocido,tt1880220
World's End,89%,tt2267848
Ceaseless,92%,tt2268399
You're Not Safe Here,Desconocido,tt2269920
Der letzte Regen,Desconocido,tt2271289
Palla al matt',Desconocido,tt2270486
Nigaoe sôsakan 001 gô,Desconocido,tt2271503
The Telling,15%,tt2795608
Specimen 0625c,Desconocido,tt2797346
Powrót,93%,tt2797786
Spirit Cabinet,Desconocido,tt2800302
Silent Spectrum,Desconocido,tt2800486
Return of the Body Snatchers,93%,tt2803236
The Lost Mantle of Elijah,Desconocido,tt2805316
Tierra escarlata,Desconocido,tt2805550
White Rabbit,88%,tt3521682
Bad-Guy,88%,tt3521758
The Good Sister,Desconocido,tt3521746
The Ark of the Witch,22%,tt3522700
Toybox,Desconocido,tt3522414
M is for Mobile,Desconocido,tt3522368
Cárcere Privado,Desconocido,tt3525858
Status: Unknown,Desconocido,tt3525764
A Rainy Day,47%,tt3527068
Anti Cupido,62%,tt3524542
After the Third Bell,Desconocido,tt3526430
Tokyo Flow,Desconocido,tt3527516
Lost Boy,77%,tt4355236
Out of the Box,Desconocido,tt4355416
Pinku to gurê,67%,tt4360406
Jacquerie,Desconocido,tt4360490
High Phantom Playback,Desconocido,tt4360272
Anomie,Desconocido,tt4361078
Crumbs,100%,tt4362764
The Mine,17%,tt4363260
Romantically Speaking,31%,tt4364862
DristiBhram,Desconocido,tt4361472
Visited,Desconocido,tt4365184
Velkommen til Paradis,57%,tt4365576
Die: Lianhua,Desconocido,tt4365336
Death at the Christmas Tree Party,Desconocido,tt5175332
The Missing Knife,Desconocido,tt5177386
The Dead End,75%,tt5175604
Buster's Mal Heart,70%,tt5173032
The Serene Heartache,91%,tt5177846
Gridlock,Desconocido,tt5180990
Moretta,Desconocido,tt5182126
Sparte,83%,tt5183186
La verità sta in cielo,Desconocido,tt5186860
Within Circles,Desconocido,tt5187346
Aibô: Gekijô-ban IV,Desconocido,tt5738264
The Moose Head Over the Mantel,Desconocido,tt5740994
Flock,32%,tt5744330
Maze,92%,tt5752606
Prophecy Eleven,Desconocido,tt5751150
Small Town Crime,79%,tt5751998
Light Drifter,Desconocido,tt5755298
The Landing,Desconocido,tt5754992
Unbound,Desconocido,tt5767338
Kill 'Em All,15%,tt5767628
Bandwidth,Desconocido,tt5763122
Shadow of Doubt,100%,tt5765148
Hindsight,Desconocido,tt5764848
La Perla,93%,tt5773172
The Veiled,23%,tt5779140
Disobeying the Laws of Sky Tyrants,Desconocido,tt5777392
Resident Evil: Vendetta,Desconocido,tt5776208
Making a Killing,Desconocido,tt6116568
He Didn't Even Leave a Note,Desconocido,tt6125742
Nasty,Desconocido,tt6131682
Raakshas,Desconocido,tt6133484
On the Other Side,44%,tt6132066
The Black String,86%,tt6141334
Distorted,18%,tt6143850
Open Wound: The Über-Movie,Desconocido,tt6144410
Between the Trees,12%,tt6151048
Astro,17%,tt6156656
I Think We're Alone Now,63%,tt6169694
Unconditional,75%,tt6173418
Something,50%,tt6185266
La femme la plus assassinée du monde,86%,tt6186696
Ghostland,55%,tt6195094
Blindsided,62%,tt6205658
A Vigilante,90%,tt6211976
Apostle,78%,tt6217306
Perfect,Desconocido,tt6222286
Pledge,77%,tt6220752
Boarding School,33%,tt6224502
Lampor: Keranda Terbang,Desconocido,tt10698426
Daddy,Desconocido,tt10699198
Exile,91%,tt10702346
A la bibliothèque,100%,tt10707200
Afflatus,Desconocido,tt10706724
Game Over,67%,tt10709060
Anonymous Vol. 1 - The Dreamland Adventures the Mysteries of Atlantis,Desconocido,tt12059646
Join Us,62%,tt12061308
Cecily and Lydia at the Waypoint,Desconocido,tt12064142
Doris,Desconocido,tt12070504
Shadowed,Desconocido,tt12076272
Den Japanska Illusionen,Desconocido,tt14130708
Telestesia,Desconocido,tt14143006
I Said,88%,tt14142872
Bannerghatta,Desconocido,tt14142640
The Quiet Light of the Midnight Cold,Desconocido,tt18569630
Desvío,Desconocido,tt18570540
F,Desconocido,tt18573810
The Turn Ahead,Desconocido,tt18673794
Maksym Osa,Desconocido,tt18688348
Sight,Desconocido,tt27215062
Agents of Change: Project Polymer,Desconocido,tt27235287
Khitrovka. The Sign of Four,Desconocido,tt27241513
Sight,Desconocido,tt27236215
Der Wien-Krimi: Blind ermittelt - Tod an der Donau,Desconocido,tt27251096
Marne Ke Dar Se Mere Dil,Desconocido,tt27250288
Red Wine,20%,tt27250168
Magna Lacerta,Desconocido,tt27262238
